CREATE USER 'rso'@'%' IDENTIFIED BY 'rso';
GRANT ALL PRIVILEGES ON *.* TO 'rso'@'%';

CREATE USER 'replication'@'%' IDENTIFIED BY 'replication';
GRANT REPLICATION SLAVE ON *.* TO 'replication'@'%';

CREATE USER 'monitor'@'%' IDENTIFIED BY 'monitor';
CREATE DATABASE rso;
CREATE DATABASE keycloak;
USE keycloak;
-- MYSQL DUMP 10.13  DISTRIB 5.7.17, FOR WIN64 (X86_64)
--
-- HOST: 192.168.0.87    DATABASE: KEYCLOAK
-- ------------------------------------------------------
-- SERVER VERSION	5.7.21

/*!40101 SET @OLD_CHARACTER_SET_CLIENT=@@CHARACTER_SET_CLIENT */;
/*!40101 SET @OLD_CHARACTER_SET_RESULTS=@@CHARACTER_SET_RESULTS */;
/*!40101 SET @OLD_COLLATION_CONNECTION=@@COLLATION_CONNECTION */;
/*!40101 SET NAMES UTF8 */;
/*!40103 SET @OLD_TIME_ZONE=@@TIME_ZONE */;
/*!40103 SET TIME_ZONE='+00:00' */;
/*!40014 SET @OLD_UNIQUE_CHECKS=@@UNIQUE_CHECKS, UNIQUE_CHECKS=0 */;
/*!40014 SET @OLD_FOREIGN_KEY_CHECKS=@@FOREIGN_KEY_CHECKS, FOREIGN_KEY_CHECKS=0 */;
/*!40101 SET @OLD_SQL_MODE=@@SQL_MODE, SQL_MODE='NO_AUTO_VALUE_ON_ZERO' */;
/*!40111 SET @OLD_SQL_NOTES=@@SQL_NOTES, SQL_NOTES=0 */;

--
-- TABLE STRUCTURE FOR TABLE `ADMIN_EVENT_ENTITY`
--

DROP TABLE IF EXISTS `ADMIN_EVENT_ENTITY`;
/*!40101 SET @SAVED_CS_CLIENT     = @@CHARACTER_SET_CLIENT */;
/*!40101 SET CHARACTER_SET_CLIENT = UTF8 */;
CREATE TABLE `ADMIN_EVENT_ENTITY` (
  `ID` VARCHAR(36) NOT NULL,
  `ADMIN_EVENT_TIME` BIGINT(20) DEFAULT NULL,
  `REALM_ID` VARCHAR(255) DEFAULT NULL,
  `OPERATION_TYPE` VARCHAR(255) DEFAULT NULL,
  `AUTH_REALM_ID` VARCHAR(255) DEFAULT NULL,
  `AUTH_CLIENT_ID` VARCHAR(255) DEFAULT NULL,
  `AUTH_USER_ID` VARCHAR(255) DEFAULT NULL,
  `IP_ADDRESS` VARCHAR(255) DEFAULT NULL,
  `RESOURCE_PATH` VARCHAR(2550) DEFAULT NULL,
  `REPRESENTATION` TEXT,
  `ERROR` VARCHAR(255) DEFAULT NULL,
  `RESOURCE_TYPE` VARCHAR(64) DEFAULT NULL,
  PRIMARY KEY (`ID`)
) ENGINE=INNODB DEFAULT CHARSET=LATIN1;
/*!40101 SET CHARACTER_SET_CLIENT = @SAVED_CS_CLIENT */;

--
-- DUMPING DATA FOR TABLE `ADMIN_EVENT_ENTITY`
--

LOCK TABLES `ADMIN_EVENT_ENTITY` WRITE;
/*!40000 ALTER TABLE `ADMIN_EVENT_ENTITY` DISABLE KEYS */;
/*!40000 ALTER TABLE `ADMIN_EVENT_ENTITY` ENABLE KEYS */;
UNLOCK TABLES;

--
-- TABLE STRUCTURE FOR TABLE `ASSOCIATED_POLICY`
--

DROP TABLE IF EXISTS `ASSOCIATED_POLICY`;
/*!40101 SET @SAVED_CS_CLIENT     = @@CHARACTER_SET_CLIENT */;
/*!40101 SET CHARACTER_SET_CLIENT = UTF8 */;
CREATE TABLE `ASSOCIATED_POLICY` (
  `POLICY_ID` VARCHAR(36) NOT NULL,
  `ASSOCIATED_POLICY_ID` VARCHAR(36) NOT NULL,
  PRIMARY KEY (`POLICY_ID`,`ASSOCIATED_POLICY_ID`),
  KEY `IDX_ASSOC_POL_ASSOC_POL_ID` (`ASSOCIATED_POLICY_ID`),
  CONSTRAINT `FK_FRSR5S213XCX4WNKOG82SSRFY` FOREIGN KEY (`ASSOCIATED_POLICY_ID`) REFERENCES `RESOURCE_SERVER_POLICY` (`ID`),
  CONSTRAINT `FK_FRSRPAS14XCX4WNKOG82SSRFY` FOREIGN KEY (`POLICY_ID`) REFERENCES `RESOURCE_SERVER_POLICY` (`ID`)
) ENGINE=INNODB DEFAULT CHARSET=LATIN1;
/*!40101 SET CHARACTER_SET_CLIENT = @SAVED_CS_CLIENT */;

--
-- DUMPING DATA FOR TABLE `ASSOCIATED_POLICY`
--

LOCK TABLES `ASSOCIATED_POLICY` WRITE;
/*!40000 ALTER TABLE `ASSOCIATED_POLICY` DISABLE KEYS */;
/*!40000 ALTER TABLE `ASSOCIATED_POLICY` ENABLE KEYS */;
UNLOCK TABLES;

--
-- TABLE STRUCTURE FOR TABLE `AUTHENTICATION_EXECUTION`
--

DROP TABLE IF EXISTS `AUTHENTICATION_EXECUTION`;
/*!40101 SET @SAVED_CS_CLIENT     = @@CHARACTER_SET_CLIENT */;
/*!40101 SET CHARACTER_SET_CLIENT = UTF8 */;
CREATE TABLE `AUTHENTICATION_EXECUTION` (
  `ID` VARCHAR(36) NOT NULL,
  `ALIAS` VARCHAR(255) DEFAULT NULL,
  `AUTHENTICATOR` VARCHAR(36) DEFAULT NULL,
  `REALM_ID` VARCHAR(36) DEFAULT NULL,
  `FLOW_ID` VARCHAR(36) DEFAULT NULL,
  `REQUIREMENT` INT(11) DEFAULT NULL,
  `PRIORITY` INT(11) DEFAULT NULL,
  `AUTHENTICATOR_FLOW` BIT(1) NOT NULL DEFAULT B'0',
  `AUTH_FLOW_ID` VARCHAR(36) DEFAULT NULL,
  `AUTH_CONFIG` VARCHAR(36) DEFAULT NULL,
  PRIMARY KEY (`ID`),
  KEY `IDX_AUTH_EXEC_REALM_FLOW` (`REALM_ID`,`FLOW_ID`),
  KEY `IDX_AUTH_EXEC_FLOW` (`FLOW_ID`),
  CONSTRAINT `FK_AUTH_EXEC_FLOW` FOREIGN KEY (`FLOW_ID`) REFERENCES `AUTHENTICATION_FLOW` (`ID`),
  CONSTRAINT `FK_AUTH_EXEC_REALM` FOREIGN KEY (`REALM_ID`) REFERENCES `REALM` (`ID`)
) ENGINE=INNODB DEFAULT CHARSET=LATIN1;
/*!40101 SET CHARACTER_SET_CLIENT = @SAVED_CS_CLIENT */;

--
-- DUMPING DATA FOR TABLE `AUTHENTICATION_EXECUTION`
--

LOCK TABLES `AUTHENTICATION_EXECUTION` WRITE;
/*!40000 ALTER TABLE `AUTHENTICATION_EXECUTION` DISABLE KEYS */;
INSERT INTO `AUTHENTICATION_EXECUTION` VALUES ('024AC9ED-C85E-4A53-A4A3-3E35ED9F20A9',NULL,'CLIENT-SECRET','RSO','0D5307C1-D49B-4627-B2D5-AED28D6B4AD8',2,10,'\0',NULL,NULL),('025FF482-9505-4C38-8A7C-32778CEC79B2',NULL,'REGISTRATION-PASSWORD-ACTION','MASTER','33B01BAA-B262-4A33-9635-6A8E54593B09',0,50,'\0',NULL,NULL),('0622FD15-0853-47C1-B991-86FA31D0776B',NULL,'RESET-CREDENTIAL-EMAIL','RSO','F3317B37-199E-48FE-BAB5-FC6296BA5265',0,20,'\0',NULL,NULL),('0E2A1F6B-188A-439D-BA13-95920DB6C65C',NULL,NULL,'RSO','9A105DDC-430F-450B-B257-072685EC3D1F',2,30,'','79EA1503-5918-4265-8E5C-F8BF19B11B3F',NULL),('14EECCB9-C839-4F35-AA5D-3EB927E642A4',NULL,'DIRECT-GRANT-VALIDATE-PASSWORD','RSO','E1085693-5EDE-43F0-A7E7-050CFC6553AE',0,20,'\0',NULL,NULL),('1532DDAC-2EDF-4D3E-B86D-411261B72143',NULL,'CLIENT-JWT','MASTER','7D74A7C1-E313-411F-A730-425D95D8FB46',2,20,'\0',NULL,NULL),('16D1EC91-19DC-4531-8143-2085A5206BB3',NULL,'AUTH-OTP-FORM','RSO','70A87687-B2D9-4840-93F3-A767DC630458',1,20,'\0',NULL,NULL),('193BC5DC-5835-4C84-A66E-67C312AC9DEB',NULL,'IDP-CREATE-USER-IF-UNIQUE','MASTER','F2E595EF-52D4-4CDF-9283-CF163BDBBE60',2,20,'\0',NULL,'E9416AC1-EEC6-4F67-9E73-5164C7B95493'),('2675DB1B-7934-4E62-A9F3-73424A018FE5',NULL,'REGISTRATION-USER-CREATION','MASTER','33B01BAA-B262-4A33-9635-6A8E54593B09',0,20,'\0',NULL,NULL),('2DA4E528-FB50-485A-B4CF-6F9E38F56372',NULL,'IDENTITY-PROVIDER-REDIRECTOR','RSO','C23E04B2-5DCC-43B8-BF0E-0DB39B02C534',2,25,'\0',NULL,NULL),('2EB83459-44B1-4178-A949-D97D16285FE9',NULL,'REGISTRATION-USER-CREATION','RSO','4D072267-3BFA-4BAE-BB0B-318F9A2E7369',0,20,'\0',NULL,NULL),('36B6B8CF-70D7-49F1-8ED1-DE7226AE5280',NULL,'AUTH-SPNEGO','MASTER','FD509F62-4F24-4BA9-8339-FB365E98A98C',3,20,'\0',NULL,NULL),('3ABE1970-C7A3-4068-8932-F3DDBE3F9DDC',NULL,NULL,'MASTER','F2E595EF-52D4-4CDF-9283-CF163BDBBE60',2,30,'','AABE64E2-0B4B-4AE5-A392-ED3CDB76BA2F',NULL),('3AE872FA-52A9-48F8-BFE9-ECEDB423763D',NULL,'REGISTRATION-PAGE-FORM','MASTER','8687CC07-24A1-46FF-9087-EB8B9F059336',0,10,'','33B01BAA-B262-4A33-9635-6A8E54593B09',NULL),('45F7310A-837E-4154-9EAA-57193C556EE7',NULL,'REGISTRATION-PAGE-FORM','RSO','49D6400F-D2CA-4D82-A4C5-3B23B404D072',0,10,'','4D072267-3BFA-4BAE-BB0B-318F9A2E7369',NULL),('4A5138A2-6C09-43AA-B88D-89EA854350FC',NULL,'REGISTRATION-RECAPTCHA-ACTION','MASTER','33B01BAA-B262-4A33-9635-6A8E54593B09',3,60,'\0',NULL,NULL),('4AA56E1C-2D83-4999-B7F2-FC37B1BA25C0',NULL,NULL,'MASTER','AABE64E2-0B4B-4AE5-A392-ED3CDB76BA2F',2,30,'','71841C0D-0D4A-436B-8248-AD05834B429F',NULL),('4B10D202-2B8C-49A5-AF95-BCBF21BF6E36',NULL,'AUTH-OTP-FORM','RSO','C1F9FC67-D7A0-4993-B7E1-FEF0018930E6',1,20,'\0',NULL,NULL),('4D199635-F6AF-4A87-B417-AA282E295582',NULL,'CLIENT-JWT','RSO','0D5307C1-D49B-4627-B2D5-AED28D6B4AD8',2,20,'\0',NULL,NULL),('5125CD42-01E7-4F69-865B-5E8C7240CCC1',NULL,NULL,'MASTER','FD509F62-4F24-4BA9-8339-FB365E98A98C',2,30,'','A6963F38-BF2A-4D76-B524-C9FFDD04FECC',NULL),('52BAD9CF-FC62-4AE4-91D4-5B430D53FD4F',NULL,'IDP-CREATE-USER-IF-UNIQUE','RSO','9A105DDC-430F-450B-B257-072685EC3D1F',2,20,'\0',NULL,'DCF53684-8C0C-44F0-8FC8-2D62CFE278FC'),('58BB2E0E-AEB7-4EA4-BB41-C6E854644147',NULL,'IDP-REVIEW-PROFILE','MASTER','F2E595EF-52D4-4CDF-9283-CF163BDBBE60',0,10,'\0',NULL,'53E0285A-48CA-4CEE-A6FE-35BDBADA542C'),('5A7F7B67-4393-4287-B09E-044FAEBB5E79',NULL,'DIRECT-GRANT-VALIDATE-OTP','MASTER','7D728E79-9685-4E56-862A-45B8A3B2E34E',1,30,'\0',NULL,NULL),('5E567962-3212-4744-B751-68C05E33B265',NULL,'RESET-OTP','MASTER','A9E686F5-811C-4AB2-9015-B69CCF88F906',1,40,'\0',NULL,NULL),('5E73D9FF-5E95-4FD1-BD13-A19B2BB4FA99',NULL,'DIRECT-GRANT-VALIDATE-OTP','RSO','E1085693-5EDE-43F0-A7E7-050CFC6553AE',1,30,'\0',NULL,NULL),('5E806A2C-5EF9-4499-B70B-353D724854FF',NULL,'RESET-PASSWORD','MASTER','A9E686F5-811C-4AB2-9015-B69CCF88F906',0,30,'\0',NULL,NULL),('601B92E6-09C8-4B64-A7C0-309F0F962326',NULL,'AUTH-USERNAME-PASSWORD-FORM','MASTER','A6963F38-BF2A-4D76-B524-C9FFDD04FECC',0,10,'\0',NULL,NULL),('620AAD2B-59BE-47E5-B403-84F9FFAA773D',NULL,'IDP-CONFIRM-LINK','MASTER','AABE64E2-0B4B-4AE5-A392-ED3CDB76BA2F',0,10,'\0',NULL,NULL),('74CADABB-B70E-4C56-BBDA-E5CF29C460EE',NULL,'RESET-CREDENTIALS-CHOOSE-USER','MASTER','A9E686F5-811C-4AB2-9015-B69CCF88F906',0,10,'\0',NULL,NULL),('76547D5F-D1FA-4F99-AB1C-BD7BFC4905E2',NULL,'RESET-CREDENTIALS-CHOOSE-USER','RSO','F3317B37-199E-48FE-BAB5-FC6296BA5265',0,10,'\0',NULL,NULL),('76CA6B5C-FA02-45BC-864B-5ED2F3A1BC7D',NULL,'CLIENT-SECRET-JWT','MASTER','7D74A7C1-E313-411F-A730-425D95D8FB46',2,30,'\0',NULL,NULL),('794FDD8E-FDEE-4978-A973-14461449BE55',NULL,'CLIENT-SECRET','MASTER','7D74A7C1-E313-411F-A730-425D95D8FB46',2,10,'\0',NULL,NULL),('7B01E4E3-B65B-4485-B74A-B610543E6B2B',NULL,'DIRECT-GRANT-VALIDATE-USERNAME','RSO','E1085693-5EDE-43F0-A7E7-050CFC6553AE',0,10,'\0',NULL,NULL),('85F1CF79-AF8F-4AF7-91D6-DDE0F5591926',NULL,'AUTH-COOKIE','MASTER','FD509F62-4F24-4BA9-8339-FB365E98A98C',2,10,'\0',NULL,NULL),('8B56B8C5-9723-4E4B-B162-8463F10680A3',NULL,'CLIENT-SECRET-JWT','RSO','0D5307C1-D49B-4627-B2D5-AED28D6B4AD8',2,30,'\0',NULL,NULL),('8C56AD69-2BFA-4759-99E5-C3F52071FCEF',NULL,'IDP-CONFIRM-LINK','RSO','79EA1503-5918-4265-8E5C-F8BF19B11B3F',0,10,'\0',NULL,NULL),('8F209602-75AD-4269-8B67-4C2672EB3560',NULL,'HTTP-BASIC-AUTHENTICATOR','MASTER','4E20B5A0-A76E-4ED5-B920-337E977774C3',0,10,'\0',NULL,NULL),('93C7F70D-343D-438A-8784-78F53643708A',NULL,NULL,'RSO','C23E04B2-5DCC-43B8-BF0E-0DB39B02C534',2,30,'','70A87687-B2D9-4840-93F3-A767DC630458',NULL),('A00AB49D-66DD-4128-BB6E-5100DB2588B5',NULL,'AUTH-OTP-FORM','MASTER','A6963F38-BF2A-4D76-B524-C9FFDD04FECC',1,20,'\0',NULL,NULL),('A43C9B52-0919-4C47-B3F2-4640F50E4B36',NULL,'IDP-REVIEW-PROFILE','RSO','9A105DDC-430F-450B-B257-072685EC3D1F',0,10,'\0',NULL,'E5E56297-15DA-40D0-BC65-84C29A007C5E'),('A47DC38C-CBC3-422D-8CD1-54C474370776',NULL,'IDP-EMAIL-VERIFICATION','MASTER','AABE64E2-0B4B-4AE5-A392-ED3CDB76BA2F',2,20,'\0',NULL,NULL),('A66D856B-54F2-4323-9D05-BFEA5727E8D3',NULL,NULL,'RSO','79EA1503-5918-4265-8E5C-F8BF19B11B3F',2,30,'','C1F9FC67-D7A0-4993-B7E1-FEF0018930E6',NULL),('AA012B5E-84E8-4A0B-986B-8A0596AF4D42',NULL,'AUTH-OTP-FORM','MASTER','71841C0D-0D4A-436B-8248-AD05834B429F',1,20,'\0',NULL,NULL),('ACAA86AB-04EE-4A70-BDAD-3E2FD9C11949',NULL,'REGISTRATION-PROFILE-ACTION','MASTER','33B01BAA-B262-4A33-9635-6A8E54593B09',0,40,'\0',NULL,NULL),('B62E5237-C27B-4093-A1FB-D2EEADCA04BB',NULL,'IDP-USERNAME-PASSWORD-FORM','MASTER','71841C0D-0D4A-436B-8248-AD05834B429F',0,10,'\0',NULL,NULL),('B91C8F08-990D-4B62-92A6-5969FD90377B',NULL,'AUTH-COOKIE','RSO','C23E04B2-5DCC-43B8-BF0E-0DB39B02C534',2,10,'\0',NULL,NULL),('BC5CFBA0-3F23-4423-A6DD-28EA62F7205D',NULL,'DOCKER-HTTP-BASIC-AUTHENTICATOR','RSO','981C788B-59C6-445C-B851-2C3D8FD51EF5',0,10,'\0',NULL,NULL),('BD3E81F3-35AD-4FF6-B652-5F07FAB093CF',NULL,'IDP-EMAIL-VERIFICATION','RSO','79EA1503-5918-4265-8E5C-F8BF19B11B3F',2,20,'\0',NULL,NULL),('C3F22936-AA7E-463F-8BCE-8483F6A75096',NULL,'RESET-PASSWORD','RSO','F3317B37-199E-48FE-BAB5-FC6296BA5265',0,30,'\0',NULL,NULL),('C6855988-1926-459F-9767-2723E1ACF5E5',NULL,'DIRECT-GRANT-VALIDATE-PASSWORD','MASTER','7D728E79-9685-4E56-862A-45B8A3B2E34E',0,20,'\0',NULL,NULL),('C98CD05A-8FB4-4EED-A4DF-E8A0479E81DA',NULL,'RESET-OTP','RSO','F3317B37-199E-48FE-BAB5-FC6296BA5265',1,40,'\0',NULL,NULL),('C9CD75F5-19BD-4460-9015-588AC1B7598E',NULL,'REGISTRATION-PASSWORD-ACTION','RSO','4D072267-3BFA-4BAE-BB0B-318F9A2E7369',0,50,'\0',NULL,NULL),('DA6100C3-EC89-4807-BA1B-F773789050DB',NULL,'REGISTRATION-RECAPTCHA-ACTION','RSO','4D072267-3BFA-4BAE-BB0B-318F9A2E7369',3,60,'\0',NULL,NULL),('E29D5475-681F-4516-8E07-997723F9AF62',NULL,'RESET-CREDENTIAL-EMAIL','MASTER','A9E686F5-811C-4AB2-9015-B69CCF88F906',0,20,'\0',NULL,NULL),('E4CC2015-057F-4350-AED6-C605F71266D8',NULL,'REGISTRATION-PROFILE-ACTION','RSO','4D072267-3BFA-4BAE-BB0B-318F9A2E7369',0,40,'\0',NULL,NULL),('E6DE9CF3-E84E-442E-8FD9-A0C71A06A5D1',NULL,'AUTH-USERNAME-PASSWORD-FORM','RSO','70A87687-B2D9-4840-93F3-A767DC630458',0,10,'\0',NULL,NULL),('E784F22D-23DC-4F8A-8734-A2DD2DFE6DA0',NULL,'HTTP-BASIC-AUTHENTICATOR','RSO','538BF0FD-609C-46E2-BDFC-BCAAD6E7FB22',0,10,'\0',NULL,NULL),('EBA13A33-D5A1-4414-A7D9-45F1443FC3E4',NULL,'IDENTITY-PROVIDER-REDIRECTOR','MASTER','FD509F62-4F24-4BA9-8339-FB365E98A98C',2,25,'\0',NULL,NULL),('EF4CD7FA-EE44-4DBB-ADD6-C5EF24811EEE',NULL,'DOCKER-HTTP-BASIC-AUTHENTICATOR','MASTER','CE219C4B-408C-4ACB-967C-FDD824724E00',0,10,'\0',NULL,NULL),('F500F0F1-1221-44C1-B66A-3C316E6BACF0',NULL,'DIRECT-GRANT-VALIDATE-USERNAME','MASTER','7D728E79-9685-4E56-862A-45B8A3B2E34E',0,10,'\0',NULL,NULL),('F941B17D-3047-404E-9AFA-4710FA67E38B',NULL,'AUTH-SPNEGO','RSO','C23E04B2-5DCC-43B8-BF0E-0DB39B02C534',3,20,'\0',NULL,NULL),('FF0840AE-8565-4A21-A9EB-62860BE689B8',NULL,'IDP-USERNAME-PASSWORD-FORM','RSO','C1F9FC67-D7A0-4993-B7E1-FEF0018930E6',0,10,'\0',NULL,NULL);
/*!40000 ALTER TABLE `AUTHENTICATION_EXECUTION` ENABLE KEYS */;
UNLOCK TABLES;

--
-- TABLE STRUCTURE FOR TABLE `AUTHENTICATION_FLOW`
--

DROP TABLE IF EXISTS `AUTHENTICATION_FLOW`;
/*!40101 SET @SAVED_CS_CLIENT     = @@CHARACTER_SET_CLIENT */;
/*!40101 SET CHARACTER_SET_CLIENT = UTF8 */;
CREATE TABLE `AUTHENTICATION_FLOW` (
  `ID` VARCHAR(36) NOT NULL,
  `ALIAS` VARCHAR(255) DEFAULT NULL,
  `DESCRIPTION` VARCHAR(255) CHARACTER SET UTF8 DEFAULT NULL,
  `REALM_ID` VARCHAR(36) DEFAULT NULL,
  `PROVIDER_ID` VARCHAR(36) NOT NULL DEFAULT 'BASIC-FLOW',
  `TOP_LEVEL` BIT(1) NOT NULL DEFAULT B'0',
  `BUILT_IN` BIT(1) NOT NULL DEFAULT B'0',
  PRIMARY KEY (`ID`),
  KEY `IDX_AUTH_FLOW_REALM` (`REALM_ID`),
  CONSTRAINT `FK_AUTH_FLOW_REALM` FOREIGN KEY (`REALM_ID`) REFERENCES `REALM` (`ID`)
) ENGINE=INNODB DEFAULT CHARSET=LATIN1;
/*!40101 SET CHARACTER_SET_CLIENT = @SAVED_CS_CLIENT */;

--
-- DUMPING DATA FOR TABLE `AUTHENTICATION_FLOW`
--

LOCK TABLES `AUTHENTICATION_FLOW` WRITE;
/*!40000 ALTER TABLE `AUTHENTICATION_FLOW` DISABLE KEYS */;
INSERT INTO `AUTHENTICATION_FLOW` VALUES ('0D5307C1-D49B-4627-B2D5-AED28D6B4AD8','CLIENTS','BASE AUTHENTICATION FOR CLIENTS','RSO','CLIENT-FLOW','',''),('33B01BAA-B262-4A33-9635-6A8E54593B09','REGISTRATION FORM','REGISTRATION FORM','MASTER','FORM-FLOW','\0',''),('49D6400F-D2CA-4D82-A4C5-3B23B404D072','REGISTRATION','REGISTRATION FLOW','RSO','BASIC-FLOW','',''),('4D072267-3BFA-4BAE-BB0B-318F9A2E7369','REGISTRATION FORM','REGISTRATION FORM','RSO','FORM-FLOW','\0',''),('4E20B5A0-A76E-4ED5-B920-337E977774C3','SAML ECP','SAML ECP PROFILE AUTHENTICATION FLOW','MASTER','BASIC-FLOW','',''),('538BF0FD-609C-46E2-BDFC-BCAAD6E7FB22','SAML ECP','SAML ECP PROFILE AUTHENTICATION FLOW','RSO','BASIC-FLOW','',''),('70A87687-B2D9-4840-93F3-A767DC630458','FORMS','USERNAME, PASSWORD, OTP AND OTHER AUTH FORMS.','RSO','BASIC-FLOW','\0',''),('71841C0D-0D4A-436B-8248-AD05834B429F','VERIFY EXISTING ACCOUNT BY RE-AUTHENTICATION','REAUTHENTICATION OF EXISTING ACCOUNT','MASTER','BASIC-FLOW','\0',''),('79EA1503-5918-4265-8E5C-F8BF19B11B3F','HANDLE EXISTING ACCOUNT','HANDLE WHAT TO DO IF THERE IS EXISTING ACCOUNT WITH SAME EMAIL/USERNAME LIKE AUTHENTICATED IDENTITY PROVIDER','RSO','BASIC-FLOW','\0',''),('7D728E79-9685-4E56-862A-45B8A3B2E34E','DIRECT GRANT','OPENID CONNECT RESOURCE OWNER GRANT','MASTER','BASIC-FLOW','',''),('7D74A7C1-E313-411F-A730-425D95D8FB46','CLIENTS','BASE AUTHENTICATION FOR CLIENTS','MASTER','CLIENT-FLOW','',''),('8687CC07-24A1-46FF-9087-EB8B9F059336','REGISTRATION','REGISTRATION FLOW','MASTER','BASIC-FLOW','',''),('981C788B-59C6-445C-B851-2C3D8FD51EF5','DOCKER AUTH','USED BY DOCKER CLIENTS TO AUTHENTICATE AGAINST THE IDP','RSO','BASIC-FLOW','',''),('9A105DDC-430F-450B-B257-072685EC3D1F','FIRST BROKER LOGIN','ACTIONS TAKEN AFTER FIRST BROKER LOGIN WITH IDENTITY PROVIDER ACCOUNT, WHICH IS NOT YET LINKED TO ANY KEYCLOAK ACCOUNT','RSO','BASIC-FLOW','',''),('A6963F38-BF2A-4D76-B524-C9FFDD04FECC','FORMS','USERNAME, PASSWORD, OTP AND OTHER AUTH FORMS.','MASTER','BASIC-FLOW','\0',''),('A9E686F5-811C-4AB2-9015-B69CCF88F906','RESET CREDENTIALS','RESET CREDENTIALS FOR A USER IF THEY FORGOT THEIR PASSWORD OR SOMETHING','MASTER','BASIC-FLOW','',''),('AABE64E2-0B4B-4AE5-A392-ED3CDB76BA2F','HANDLE EXISTING ACCOUNT','HANDLE WHAT TO DO IF THERE IS EXISTING ACCOUNT WITH SAME EMAIL/USERNAME LIKE AUTHENTICATED IDENTITY PROVIDER','MASTER','BASIC-FLOW','\0',''),('C1F9FC67-D7A0-4993-B7E1-FEF0018930E6','VERIFY EXISTING ACCOUNT BY RE-AUTHENTICATION','REAUTHENTICATION OF EXISTING ACCOUNT','RSO','BASIC-FLOW','\0',''),('C23E04B2-5DCC-43B8-BF0E-0DB39B02C534','BROWSER','BROWSER BASED AUTHENTICATION','RSO','BASIC-FLOW','',''),('CE219C4B-408C-4ACB-967C-FDD824724E00','DOCKER AUTH','USED BY DOCKER CLIENTS TO AUTHENTICATE AGAINST THE IDP','MASTER','BASIC-FLOW','',''),('E1085693-5EDE-43F0-A7E7-050CFC6553AE','DIRECT GRANT','OPENID CONNECT RESOURCE OWNER GRANT','RSO','BASIC-FLOW','',''),('F2E595EF-52D4-4CDF-9283-CF163BDBBE60','FIRST BROKER LOGIN','ACTIONS TAKEN AFTER FIRST BROKER LOGIN WITH IDENTITY PROVIDER ACCOUNT, WHICH IS NOT YET LINKED TO ANY KEYCLOAK ACCOUNT','MASTER','BASIC-FLOW','',''),('F3317B37-199E-48FE-BAB5-FC6296BA5265','RESET CREDENTIALS','RESET CREDENTIALS FOR A USER IF THEY FORGOT THEIR PASSWORD OR SOMETHING','RSO','BASIC-FLOW','',''),('FD509F62-4F24-4BA9-8339-FB365E98A98C','BROWSER','BROWSER BASED AUTHENTICATION','MASTER','BASIC-FLOW','','');
/*!40000 ALTER TABLE `AUTHENTICATION_FLOW` ENABLE KEYS */;
UNLOCK TABLES;

--
-- TABLE STRUCTURE FOR TABLE `AUTHENTICATOR_CONFIG`
--

DROP TABLE IF EXISTS `AUTHENTICATOR_CONFIG`;
/*!40101 SET @SAVED_CS_CLIENT     = @@CHARACTER_SET_CLIENT */;
/*!40101 SET CHARACTER_SET_CLIENT = UTF8 */;
CREATE TABLE `AUTHENTICATOR_CONFIG` (
  `ID` VARCHAR(36) NOT NULL,
  `ALIAS` VARCHAR(255) DEFAULT NULL,
  `REALM_ID` VARCHAR(36) DEFAULT NULL,
  PRIMARY KEY (`ID`),
  KEY `IDX_AUTH_CONFIG_REALM` (`REALM_ID`),
  CONSTRAINT `FK_AUTH_REALM` FOREIGN KEY (`REALM_ID`) REFERENCES `REALM` (`ID`)
) ENGINE=INNODB DEFAULT CHARSET=LATIN1;
/*!40101 SET CHARACTER_SET_CLIENT = @SAVED_CS_CLIENT */;

--
-- DUMPING DATA FOR TABLE `AUTHENTICATOR_CONFIG`
--

LOCK TABLES `AUTHENTICATOR_CONFIG` WRITE;
/*!40000 ALTER TABLE `AUTHENTICATOR_CONFIG` DISABLE KEYS */;
INSERT INTO `AUTHENTICATOR_CONFIG` VALUES ('53E0285A-48CA-4CEE-A6FE-35BDBADA542C','REVIEW PROFILE CONFIG','MASTER'),('DCF53684-8C0C-44F0-8FC8-2D62CFE278FC','CREATE UNIQUE USER CONFIG','RSO'),('E5E56297-15DA-40D0-BC65-84C29A007C5E','REVIEW PROFILE CONFIG','RSO'),('E9416AC1-EEC6-4F67-9E73-5164C7B95493','CREATE UNIQUE USER CONFIG','MASTER');
/*!40000 ALTER TABLE `AUTHENTICATOR_CONFIG` ENABLE KEYS */;
UNLOCK TABLES;

--
-- TABLE STRUCTURE FOR TABLE `AUTHENTICATOR_CONFIG_ENTRY`
--

DROP TABLE IF EXISTS `AUTHENTICATOR_CONFIG_ENTRY`;
/*!40101 SET @SAVED_CS_CLIENT     = @@CHARACTER_SET_CLIENT */;
/*!40101 SET CHARACTER_SET_CLIENT = UTF8 */;
CREATE TABLE `AUTHENTICATOR_CONFIG_ENTRY` (
  `AUTHENTICATOR_ID` VARCHAR(36) NOT NULL,
  `VALUE` LONGTEXT,
  `NAME` VARCHAR(255) NOT NULL,
  PRIMARY KEY (`AUTHENTICATOR_ID`,`NAME`)
) ENGINE=INNODB DEFAULT CHARSET=LATIN1;
/*!40101 SET CHARACTER_SET_CLIENT = @SAVED_CS_CLIENT */;

--
-- DUMPING DATA FOR TABLE `AUTHENTICATOR_CONFIG_ENTRY`
--

LOCK TABLES `AUTHENTICATOR_CONFIG_ENTRY` WRITE;
/*!40000 ALTER TABLE `AUTHENTICATOR_CONFIG_ENTRY` DISABLE KEYS */;
INSERT INTO `AUTHENTICATOR_CONFIG_ENTRY` VALUES ('53E0285A-48CA-4CEE-A6FE-35BDBADA542C','MISSING','UPDATE.PROFILE.ON.FIRST.LOGIN'),('DCF53684-8C0C-44F0-8FC8-2D62CFE278FC','FALSE','REQUIRE.PASSWORD.UPDATE.AFTER.REGISTRATION'),('E5E56297-15DA-40D0-BC65-84C29A007C5E','MISSING','UPDATE.PROFILE.ON.FIRST.LOGIN'),('E9416AC1-EEC6-4F67-9E73-5164C7B95493','FALSE','REQUIRE.PASSWORD.UPDATE.AFTER.REGISTRATION');
/*!40000 ALTER TABLE `AUTHENTICATOR_CONFIG_ENTRY` ENABLE KEYS */;
UNLOCK TABLES;

--
-- TABLE STRUCTURE FOR TABLE `BROKER_LINK`
--

DROP TABLE IF EXISTS `BROKER_LINK`;
/*!40101 SET @SAVED_CS_CLIENT     = @@CHARACTER_SET_CLIENT */;
/*!40101 SET CHARACTER_SET_CLIENT = UTF8 */;
CREATE TABLE `BROKER_LINK` (
  `IDENTITY_PROVIDER` VARCHAR(255) NOT NULL,
  `STORAGE_PROVIDER_ID` VARCHAR(255) DEFAULT NULL,
  `REALM_ID` VARCHAR(36) NOT NULL,
  `BROKER_USER_ID` VARCHAR(255) DEFAULT NULL,
  `BROKER_USERNAME` VARCHAR(255) DEFAULT NULL,
  `TOKEN` TEXT,
  `USER_ID` VARCHAR(255) NOT NULL,
  PRIMARY KEY (`IDENTITY_PROVIDER`,`USER_ID`)
) ENGINE=INNODB DEFAULT CHARSET=LATIN1;
/*!40101 SET CHARACTER_SET_CLIENT = @SAVED_CS_CLIENT */;

--
-- DUMPING DATA FOR TABLE `BROKER_LINK`
--

LOCK TABLES `BROKER_LINK` WRITE;
/*!40000 ALTER TABLE `BROKER_LINK` DISABLE KEYS */;
/*!40000 ALTER TABLE `BROKER_LINK` ENABLE KEYS */;
UNLOCK TABLES;

--
-- TABLE STRUCTURE FOR TABLE `CLIENT`
--

DROP TABLE IF EXISTS `CLIENT`;
/*!40101 SET @SAVED_CS_CLIENT     = @@CHARACTER_SET_CLIENT */;
/*!40101 SET CHARACTER_SET_CLIENT = UTF8 */;
CREATE TABLE `CLIENT` (
  `ID` VARCHAR(36) NOT NULL,
  `ENABLED` BIT(1) NOT NULL DEFAULT B'0',
  `FULL_SCOPE_ALLOWED` BIT(1) NOT NULL DEFAULT B'0',
  `CLIENT_ID` VARCHAR(255) DEFAULT NULL,
  `NOT_BEFORE` INT(11) DEFAULT NULL,
  `PUBLIC_CLIENT` BIT(1) NOT NULL DEFAULT B'0',
  `SECRET` VARCHAR(255) DEFAULT NULL,
  `BASE_URL` VARCHAR(255) DEFAULT NULL,
  `BEARER_ONLY` BIT(1) NOT NULL DEFAULT B'0',
  `MANAGEMENT_URL` VARCHAR(255) DEFAULT NULL,
  `SURROGATE_AUTH_REQUIRED` BIT(1) NOT NULL DEFAULT B'0',
  `REALM_ID` VARCHAR(36) DEFAULT NULL,
  `PROTOCOL` VARCHAR(255) DEFAULT NULL,
  `NODE_REREG_TIMEOUT` INT(11) DEFAULT '0',
  `FRONTCHANNEL_LOGOUT` BIT(1) NOT NULL DEFAULT B'0',
  `CONSENT_REQUIRED` BIT(1) NOT NULL DEFAULT B'0',
  `NAME` VARCHAR(255) CHARACTER SET UTF8 DEFAULT NULL,
  `SERVICE_ACCOUNTS_ENABLED` BIT(1) NOT NULL DEFAULT B'0',
  `CLIENT_AUTHENTICATOR_TYPE` VARCHAR(255) DEFAULT NULL,
  `ROOT_URL` VARCHAR(255) DEFAULT NULL,
  `DESCRIPTION` VARCHAR(255) CHARACTER SET UTF8 DEFAULT NULL,
  `REGISTRATION_TOKEN` VARCHAR(255) DEFAULT NULL,
  `STANDARD_FLOW_ENABLED` BIT(1) NOT NULL DEFAULT B'1',
  `IMPLICIT_FLOW_ENABLED` BIT(1) NOT NULL DEFAULT B'0',
  `DIRECT_ACCESS_GRANTS_ENABLED` BIT(1) NOT NULL DEFAULT B'0',
  `CLIENT_TEMPLATE_ID` VARCHAR(36) DEFAULT NULL,
  `USE_TEMPLATE_CONFIG` BIT(1) NOT NULL DEFAULT B'0',
  `USE_TEMPLATE_SCOPE` BIT(1) NOT NULL DEFAULT B'0',
  `USE_TEMPLATE_MAPPERS` BIT(1) NOT NULL DEFAULT B'0',
  PRIMARY KEY (`ID`),
  UNIQUE KEY `UK_B71CJLBENV945RB6GCON438AT` (`REALM_ID`,`CLIENT_ID`),
  KEY `IDX_CLIENT_CLIENT_TEMPL_ID` (`CLIENT_TEMPLATE_ID`),
  CONSTRAINT `FK_CLI_TMPLT_CLIENT` FOREIGN KEY (`CLIENT_TEMPLATE_ID`) REFERENCES `CLIENT_TEMPLATE` (`ID`),
  CONSTRAINT `FK_P56CTINXXB9GSK57FO49F9TAC` FOREIGN KEY (`REALM_ID`) REFERENCES `REALM` (`ID`)
) ENGINE=INNODB DEFAULT CHARSET=LATIN1;
/*!40101 SET CHARACTER_SET_CLIENT = @SAVED_CS_CLIENT */;

--
-- DUMPING DATA FOR TABLE `CLIENT`
--

LOCK TABLES `CLIENT` WRITE;
/*!40000 ALTER TABLE `CLIENT` DISABLE KEYS */;
INSERT INTO `CLIENT` VALUES ('0FDEC9CB-A617-4FFC-849F-B6FC9B6546DA','','\0','SECURITY-ADMIN-CONSOLE',0,'','5343A7FC-4CA2-4148-BCC7-7E5988DD515E','/AUTH/ADMIN/MASTER/CONSOLE/INDEX.HTML','\0',NULL,'\0','MASTER','OPENID-CONNECT',0,'\0','\0','${CLIENT_SECURITY-ADMIN-CONSOLE}','\0','CLIENT-SECRET',NULL,NULL,NULL,'','\0','\0',NULL,'\0','\0','\0'),('1EEBDCA0-35CC-4F05-BB9B-B7D61DB21D40','','\0','ACCOUNT',0,'\0','1A5B299F-AFD7-44DA-B888-73A36FD7ED43','/AUTH/REALMS/MASTER/ACCOUNT','\0',NULL,'\0','MASTER','OPENID-CONNECT',0,'\0','\0','${CLIENT_ACCOUNT}','\0','CLIENT-SECRET',NULL,NULL,NULL,'','\0','\0',NULL,'\0','\0','\0'),('28A1639E-1FBC-448D-A3CC-52A9B546D97C','','','RSO-USER-WEBSERVICE',0,'\0','E7B70CF3-8D73-466B-8592-B8CFEA69F704',NULL,'\0',NULL,'\0','RSO','OPENID-CONNECT',-1,'\0','\0',NULL,'\0','CLIENT-SECRET',NULL,NULL,NULL,'','\0','',NULL,'\0','\0','\0'),('5F13E721-7299-4BF3-BA1B-D63CC748C745','','\0','SECURITY-ADMIN-CONSOLE',0,'','0B5E2AF3-5707-419C-A463-1E24D8FB9578','/AUTH/ADMIN/RSO/CONSOLE/INDEX.HTML','\0',NULL,'\0','RSO','OPENID-CONNECT',0,'\0','\0','${CLIENT_SECURITY-ADMIN-CONSOLE}','\0','CLIENT-SECRET',NULL,NULL,NULL,'','\0','\0',NULL,'\0','\0','\0'),('6C81EDF4-C690-493A-B1E8-48310B3ACAF1','','','ADMIN-CLI',0,'\0','512CB3B0-D8ED-4ACA-A900-D4AA0F1EBC2C',NULL,'\0',NULL,'\0','RSO','OPENID-CONNECT',0,'\0','\0','${CLIENT_ADMIN-CLI}','\0','CLIENT-SECRET',NULL,NULL,NULL,'\0','\0','',NULL,'\0','\0','\0'),('8F23967F-AC45-4DB7-9915-11D712864F86','','\0','BROKER',0,'\0','00949941-2683-481A-9DC8-539F39873576',NULL,'\0',NULL,'\0','MASTER','OPENID-CONNECT',0,'\0','\0','${CLIENT_BROKER}','\0','CLIENT-SECRET',NULL,NULL,NULL,'','\0','\0',NULL,'\0','\0','\0'),('A097118B-A906-4FB5-A22E-2B3877385C1C','','','USER-WEBSERVICE',0,'\0','E2DF31D7-3DE6-4C52-B3D0-E1C44F9093AE',NULL,'\0',NULL,'\0','RSO','OPENID-CONNECT',-1,'\0','\0',NULL,'\0','CLIENT-SECRET',NULL,NULL,NULL,'','\0','',NULL,'\0','\0','\0'),('A518C7BB-F414-4AB0-BCD7-A49AC9B5465E','','','MASTER-REALM',0,'\0','D47D1E51-BC2D-4EFE-927C-0A2D357CB496',NULL,'',NULL,'\0','MASTER',NULL,0,'\0','\0','MASTER REALM','\0','CLIENT-SECRET',NULL,NULL,NULL,'','\0','\0',NULL,'\0','\0','\0'),('A6231366-5587-4FAC-9195-8A681AF153A3','','','RSO-REALM',0,'\0','AAB1E730-973F-4FD2-80B8-E2432D89119B',NULL,'',NULL,'\0','MASTER',NULL,0,'\0','\0','RSO REALM','\0','CLIENT-SECRET',NULL,NULL,NULL,'','\0','\0',NULL,'\0','\0','\0'),('ACD01CD8-D247-4C26-93B4-28B6B7F5FC99','','\0','REALM-MANAGEMENT',0,'\0','E1947646-1970-4832-A6BC-71D9AF4AD13E',NULL,'',NULL,'\0','RSO','OPENID-CONNECT',0,'\0','\0','${CLIENT_REALM-MANAGEMENT}','\0','CLIENT-SECRET',NULL,NULL,NULL,'','\0','\0',NULL,'\0','\0','\0'),('B84B01EC-AF1D-41DE-8CB3-3913ECAF19BF','','\0','BROKER',0,'\0','CEA4B180-79C2-42F3-80EB-4C21A6BFFFEC',NULL,'\0',NULL,'\0','RSO','OPENID-CONNECT',0,'\0','\0','${CLIENT_BROKER}','\0','CLIENT-SECRET',NULL,NULL,NULL,'','\0','\0',NULL,'\0','\0','\0'),('C58709CD-79C1-46BD-B79F-CA7F96B40738','','\0','ADMIN-CLI',0,'','AE0AF379-0BA6-4221-8D4D-C7E4E3738BA4',NULL,'\0',NULL,'\0','MASTER','OPENID-CONNECT',0,'\0','\0','${CLIENT_ADMIN-CLI}','\0','CLIENT-SECRET',NULL,NULL,NULL,'\0','\0','',NULL,'\0','\0','\0'),('F1190C36-8BF6-4BDB-B234-911205404F10','','\0','ACCOUNT',0,'\0','3C62FEEE-785F-40F1-B71E-5561E4BD2366','/AUTH/REALMS/RSO/ACCOUNT','\0',NULL,'\0','RSO','OPENID-CONNECT',0,'\0','\0','${CLIENT_ACCOUNT}','\0','CLIENT-SECRET',NULL,NULL,NULL,'','\0','\0',NULL,'\0','\0','\0');
/*!40000 ALTER TABLE `CLIENT` ENABLE KEYS */;
UNLOCK TABLES;

--
-- TABLE STRUCTURE FOR TABLE `CLIENT_ATTRIBUTES`
--

DROP TABLE IF EXISTS `CLIENT_ATTRIBUTES`;
/*!40101 SET @SAVED_CS_CLIENT     = @@CHARACTER_SET_CLIENT */;
/*!40101 SET CHARACTER_SET_CLIENT = UTF8 */;
CREATE TABLE `CLIENT_ATTRIBUTES` (
  `CLIENT_ID` VARCHAR(36) NOT NULL,
  `VALUE` VARCHAR(4000) DEFAULT NULL,
  `NAME` VARCHAR(255) NOT NULL,
  PRIMARY KEY (`CLIENT_ID`,`NAME`),
  CONSTRAINT `FK3C47C64BEACCA966` FOREIGN KEY (`CLIENT_ID`) REFERENCES `CLIENT` (`ID`)
) ENGINE=INNODB DEFAULT CHARSET=LATIN1;
/*!40101 SET CHARACTER_SET_CLIENT = @SAVED_CS_CLIENT */;

--
-- DUMPING DATA FOR TABLE `CLIENT_ATTRIBUTES`
--

LOCK TABLES `CLIENT_ATTRIBUTES` WRITE;
/*!40000 ALTER TABLE `CLIENT_ATTRIBUTES` DISABLE KEYS */;
INSERT INTO `CLIENT_ATTRIBUTES` VALUES ('28A1639E-1FBC-448D-A3CC-52A9B546D97C','FALSE','EXCLUDE.SESSION.STATE.FROM.AUTH.RESPONSE'),('28A1639E-1FBC-448D-A3CC-52A9B546D97C','FALSE','SAML.ASSERTION.SIGNATURE'),('28A1639E-1FBC-448D-A3CC-52A9B546D97C','FALSE','SAML.AUTHNSTATEMENT'),('28A1639E-1FBC-448D-A3CC-52A9B546D97C','FALSE','SAML.CLIENT.SIGNATURE'),('28A1639E-1FBC-448D-A3CC-52A9B546D97C','FALSE','SAML.ENCRYPT'),('28A1639E-1FBC-448D-A3CC-52A9B546D97C','FALSE','SAML.FORCE.POST.BINDING'),('28A1639E-1FBC-448D-A3CC-52A9B546D97C','FALSE','SAML.MULTIVALUED.ROLES'),('28A1639E-1FBC-448D-A3CC-52A9B546D97C','FALSE','SAML.ONETIMEUSE.CONDITION'),('28A1639E-1FBC-448D-A3CC-52A9B546D97C','FALSE','SAML.SERVER.SIGNATURE'),('28A1639E-1FBC-448D-A3CC-52A9B546D97C','FALSE','SAML.SERVER.SIGNATURE.KEYINFO.EXT'),('28A1639E-1FBC-448D-A3CC-52A9B546D97C','FALSE','SAML_FORCE_NAME_ID_FORMAT'),('6C81EDF4-C690-493A-B1E8-48310B3ACAF1','FALSE','EXCLUDE.SESSION.STATE.FROM.AUTH.RESPONSE'),('6C81EDF4-C690-493A-B1E8-48310B3ACAF1','FALSE','SAML.ASSERTION.SIGNATURE'),('6C81EDF4-C690-493A-B1E8-48310B3ACAF1','FALSE','SAML.AUTHNSTATEMENT'),('6C81EDF4-C690-493A-B1E8-48310B3ACAF1','FALSE','SAML.CLIENT.SIGNATURE'),('6C81EDF4-C690-493A-B1E8-48310B3ACAF1','FALSE','SAML.ENCRYPT'),('6C81EDF4-C690-493A-B1E8-48310B3ACAF1','FALSE','SAML.FORCE.POST.BINDING'),('6C81EDF4-C690-493A-B1E8-48310B3ACAF1','FALSE','SAML.MULTIVALUED.ROLES'),('6C81EDF4-C690-493A-B1E8-48310B3ACAF1','FALSE','SAML.ONETIMEUSE.CONDITION'),('6C81EDF4-C690-493A-B1E8-48310B3ACAF1','FALSE','SAML.SERVER.SIGNATURE'),('6C81EDF4-C690-493A-B1E8-48310B3ACAF1','FALSE','SAML.SERVER.SIGNATURE.KEYINFO.EXT'),('6C81EDF4-C690-493A-B1E8-48310B3ACAF1','FALSE','SAML_FORCE_NAME_ID_FORMAT'),('A097118B-A906-4FB5-A22E-2B3877385C1C','FALSE','EXCLUDE.SESSION.STATE.FROM.AUTH.RESPONSE'),('A097118B-A906-4FB5-A22E-2B3877385C1C','FALSE','SAML.ASSERTION.SIGNATURE'),('A097118B-A906-4FB5-A22E-2B3877385C1C','FALSE','SAML.AUTHNSTATEMENT'),('A097118B-A906-4FB5-A22E-2B3877385C1C','FALSE','SAML.CLIENT.SIGNATURE'),('A097118B-A906-4FB5-A22E-2B3877385C1C','FALSE','SAML.ENCRYPT'),('A097118B-A906-4FB5-A22E-2B3877385C1C','FALSE','SAML.FORCE.POST.BINDING'),('A097118B-A906-4FB5-A22E-2B3877385C1C','FALSE','SAML.MULTIVALUED.ROLES'),('A097118B-A906-4FB5-A22E-2B3877385C1C','FALSE','SAML.ONETIMEUSE.CONDITION'),('A097118B-A906-4FB5-A22E-2B3877385C1C','FALSE','SAML.SERVER.SIGNATURE'),('A097118B-A906-4FB5-A22E-2B3877385C1C','FALSE','SAML.SERVER.SIGNATURE.KEYINFO.EXT'),('A097118B-A906-4FB5-A22E-2B3877385C1C','FALSE','SAML_FORCE_NAME_ID_FORMAT');
/*!40000 ALTER TABLE `CLIENT_ATTRIBUTES` ENABLE KEYS */;
UNLOCK TABLES;

--
-- TABLE STRUCTURE FOR TABLE `CLIENT_AUTH_FLOW_BINDINGS`
--

DROP TABLE IF EXISTS `CLIENT_AUTH_FLOW_BINDINGS`;
/*!40101 SET @SAVED_CS_CLIENT     = @@CHARACTER_SET_CLIENT */;
/*!40101 SET CHARACTER_SET_CLIENT = UTF8 */;
CREATE TABLE `CLIENT_AUTH_FLOW_BINDINGS` (
  `CLIENT_ID` VARCHAR(36) NOT NULL,
  `FLOW_ID` VARCHAR(36) DEFAULT NULL,
  `BINDING_NAME` VARCHAR(255) NOT NULL,
  PRIMARY KEY (`CLIENT_ID`,`BINDING_NAME`)
) ENGINE=INNODB DEFAULT CHARSET=LATIN1;
/*!40101 SET CHARACTER_SET_CLIENT = @SAVED_CS_CLIENT */;

--
-- DUMPING DATA FOR TABLE `CLIENT_AUTH_FLOW_BINDINGS`
--

LOCK TABLES `CLIENT_AUTH_FLOW_BINDINGS` WRITE;
/*!40000 ALTER TABLE `CLIENT_AUTH_FLOW_BINDINGS` DISABLE KEYS */;
/*!40000 ALTER TABLE `CLIENT_AUTH_FLOW_BINDINGS` ENABLE KEYS */;
UNLOCK TABLES;

--
-- TABLE STRUCTURE FOR TABLE `CLIENT_DEFAULT_ROLES`
--

DROP TABLE IF EXISTS `CLIENT_DEFAULT_ROLES`;
/*!40101 SET @SAVED_CS_CLIENT     = @@CHARACTER_SET_CLIENT */;
/*!40101 SET CHARACTER_SET_CLIENT = UTF8 */;
CREATE TABLE `CLIENT_DEFAULT_ROLES` (
  `CLIENT_ID` VARCHAR(36) NOT NULL,
  `ROLE_ID` VARCHAR(36) NOT NULL,
  PRIMARY KEY (`CLIENT_ID`,`ROLE_ID`),
  UNIQUE KEY `UK_8AELWNIBJI49AVXSRTUF6XJOW` (`ROLE_ID`),
  KEY `IDX_CLIENT_DEF_ROLES_CLIENT` (`CLIENT_ID`),
  CONSTRAINT `FK_8AELWNIBJI49AVXSRTUF6XJOW` FOREIGN KEY (`ROLE_ID`) REFERENCES `KEYCLOAK_ROLE` (`ID`),
  CONSTRAINT `FK_NUILTS7KLWQW2H8M2B5JOYTKY` FOREIGN KEY (`CLIENT_ID`) REFERENCES `CLIENT` (`ID`)
) ENGINE=INNODB DEFAULT CHARSET=LATIN1;
/*!40101 SET CHARACTER_SET_CLIENT = @SAVED_CS_CLIENT */;

--
-- DUMPING DATA FOR TABLE `CLIENT_DEFAULT_ROLES`
--

LOCK TABLES `CLIENT_DEFAULT_ROLES` WRITE;
/*!40000 ALTER TABLE `CLIENT_DEFAULT_ROLES` DISABLE KEYS */;
INSERT INTO `CLIENT_DEFAULT_ROLES` VALUES ('F1190C36-8BF6-4BDB-B234-911205404F10','15370E1E-4726-4B21-9084-72D538CE6320'),('F1190C36-8BF6-4BDB-B234-911205404F10','224DC4AE-6FA4-437A-BFB5-7FDBF9801079'),('1EEBDCA0-35CC-4F05-BB9B-B7D61DB21D40','AD1FD1D6-95BE-46DD-B1FC-3008D9BF60C8'),('1EEBDCA0-35CC-4F05-BB9B-B7D61DB21D40','DF4E9F52-FCA1-4628-BBFA-9F2F2E97651A');
/*!40000 ALTER TABLE `CLIENT_DEFAULT_ROLES` ENABLE KEYS */;
UNLOCK TABLES;

--
-- TABLE STRUCTURE FOR TABLE `CLIENT_INITIAL_ACCESS`
--

DROP TABLE IF EXISTS `CLIENT_INITIAL_ACCESS`;
/*!40101 SET @SAVED_CS_CLIENT     = @@CHARACTER_SET_CLIENT */;
/*!40101 SET CHARACTER_SET_CLIENT = UTF8 */;
CREATE TABLE `CLIENT_INITIAL_ACCESS` (
  `ID` VARCHAR(36) NOT NULL,
  `REALM_ID` VARCHAR(36) NOT NULL,
  `TIMESTAMP` INT(11) DEFAULT NULL,
  `EXPIRATION` INT(11) DEFAULT NULL,
  `COUNT` INT(11) DEFAULT NULL,
  `REMAINING_COUNT` INT(11) DEFAULT NULL,
  PRIMARY KEY (`ID`),
  KEY `IDX_CLIENT_INIT_ACC_REALM` (`REALM_ID`),
  CONSTRAINT `FK_CLIENT_INIT_ACC_REALM` FOREIGN KEY (`REALM_ID`) REFERENCES `REALM` (`ID`)
) ENGINE=INNODB DEFAULT CHARSET=LATIN1;
/*!40101 SET CHARACTER_SET_CLIENT = @SAVED_CS_CLIENT */;

--
-- DUMPING DATA FOR TABLE `CLIENT_INITIAL_ACCESS`
--

LOCK TABLES `CLIENT_INITIAL_ACCESS` WRITE;
/*!40000 ALTER TABLE `CLIENT_INITIAL_ACCESS` DISABLE KEYS */;
/*!40000 ALTER TABLE `CLIENT_INITIAL_ACCESS` ENABLE KEYS */;
UNLOCK TABLES;

--
-- TABLE STRUCTURE FOR TABLE `CLIENT_NODE_REGISTRATIONS`
--

DROP TABLE IF EXISTS `CLIENT_NODE_REGISTRATIONS`;
/*!40101 SET @SAVED_CS_CLIENT     = @@CHARACTER_SET_CLIENT */;
/*!40101 SET CHARACTER_SET_CLIENT = UTF8 */;
CREATE TABLE `CLIENT_NODE_REGISTRATIONS` (
  `CLIENT_ID` VARCHAR(36) NOT NULL,
  `VALUE` INT(11) DEFAULT NULL,
  `NAME` VARCHAR(255) NOT NULL,
  PRIMARY KEY (`CLIENT_ID`,`NAME`),
  CONSTRAINT `FK4129723BA992F594` FOREIGN KEY (`CLIENT_ID`) REFERENCES `CLIENT` (`ID`)
) ENGINE=INNODB DEFAULT CHARSET=LATIN1;
/*!40101 SET CHARACTER_SET_CLIENT = @SAVED_CS_CLIENT */;

--
-- DUMPING DATA FOR TABLE `CLIENT_NODE_REGISTRATIONS`
--

LOCK TABLES `CLIENT_NODE_REGISTRATIONS` WRITE;
/*!40000 ALTER TABLE `CLIENT_NODE_REGISTRATIONS` DISABLE KEYS */;
/*!40000 ALTER TABLE `CLIENT_NODE_REGISTRATIONS` ENABLE KEYS */;
UNLOCK TABLES;

--
-- TABLE STRUCTURE FOR TABLE `CLIENT_SESSION`
--

DROP TABLE IF EXISTS `CLIENT_SESSION`;
/*!40101 SET @SAVED_CS_CLIENT     = @@CHARACTER_SET_CLIENT */;
/*!40101 SET CHARACTER_SET_CLIENT = UTF8 */;
CREATE TABLE `CLIENT_SESSION` (
  `ID` VARCHAR(36) NOT NULL,
  `CLIENT_ID` VARCHAR(36) DEFAULT NULL,
  `REDIRECT_URI` VARCHAR(255) DEFAULT NULL,
  `STATE` VARCHAR(255) DEFAULT NULL,
  `TIMESTAMP` INT(11) DEFAULT NULL,
  `SESSION_ID` VARCHAR(36) DEFAULT NULL,
  `AUTH_METHOD` VARCHAR(255) DEFAULT NULL,
  `REALM_ID` VARCHAR(255) DEFAULT NULL,
  `AUTH_USER_ID` VARCHAR(36) DEFAULT NULL,
  `CURRENT_ACTION` VARCHAR(36) DEFAULT NULL,
  PRIMARY KEY (`ID`),
  KEY `IDX_CLIENT_SESSION_SESSION` (`SESSION_ID`),
  CONSTRAINT `FK_B4AO2VCVAT6UKAU74WBWTFQO1` FOREIGN KEY (`SESSION_ID`) REFERENCES `USER_SESSION` (`ID`)
) ENGINE=INNODB DEFAULT CHARSET=LATIN1;
/*!40101 SET CHARACTER_SET_CLIENT = @SAVED_CS_CLIENT */;

--
-- DUMPING DATA FOR TABLE `CLIENT_SESSION`
--

LOCK TABLES `CLIENT_SESSION` WRITE;
/*!40000 ALTER TABLE `CLIENT_SESSION` DISABLE KEYS */;
/*!40000 ALTER TABLE `CLIENT_SESSION` ENABLE KEYS */;
UNLOCK TABLES;

--
-- TABLE STRUCTURE FOR TABLE `CLIENT_SESSION_AUTH_STATUS`
--

DROP TABLE IF EXISTS `CLIENT_SESSION_AUTH_STATUS`;
/*!40101 SET @SAVED_CS_CLIENT     = @@CHARACTER_SET_CLIENT */;
/*!40101 SET CHARACTER_SET_CLIENT = UTF8 */;
CREATE TABLE `CLIENT_SESSION_AUTH_STATUS` (
  `AUTHENTICATOR` VARCHAR(36) NOT NULL,
  `STATUS` INT(11) DEFAULT NULL,
  `CLIENT_SESSION` VARCHAR(36) NOT NULL,
  PRIMARY KEY (`CLIENT_SESSION`,`AUTHENTICATOR`),
  CONSTRAINT `AUTH_STATUS_CONSTRAINT` FOREIGN KEY (`CLIENT_SESSION`) REFERENCES `CLIENT_SESSION` (`ID`)
) ENGINE=INNODB DEFAULT CHARSET=LATIN1;
/*!40101 SET CHARACTER_SET_CLIENT = @SAVED_CS_CLIENT */;

--
-- DUMPING DATA FOR TABLE `CLIENT_SESSION_AUTH_STATUS`
--

LOCK TABLES `CLIENT_SESSION_AUTH_STATUS` WRITE;
/*!40000 ALTER TABLE `CLIENT_SESSION_AUTH_STATUS` DISABLE KEYS */;
/*!40000 ALTER TABLE `CLIENT_SESSION_AUTH_STATUS` ENABLE KEYS */;
UNLOCK TABLES;

--
-- TABLE STRUCTURE FOR TABLE `CLIENT_SESSION_NOTE`
--

DROP TABLE IF EXISTS `CLIENT_SESSION_NOTE`;
/*!40101 SET @SAVED_CS_CLIENT     = @@CHARACTER_SET_CLIENT */;
/*!40101 SET CHARACTER_SET_CLIENT = UTF8 */;
CREATE TABLE `CLIENT_SESSION_NOTE` (
  `NAME` VARCHAR(255) NOT NULL,
  `VALUE` VARCHAR(255) DEFAULT NULL,
  `CLIENT_SESSION` VARCHAR(36) NOT NULL,
  PRIMARY KEY (`CLIENT_SESSION`,`NAME`),
  CONSTRAINT `FK5EDFB00FF51C2736` FOREIGN KEY (`CLIENT_SESSION`) REFERENCES `CLIENT_SESSION` (`ID`)
) ENGINE=INNODB DEFAULT CHARSET=LATIN1;
/*!40101 SET CHARACTER_SET_CLIENT = @SAVED_CS_CLIENT */;

--
-- DUMPING DATA FOR TABLE `CLIENT_SESSION_NOTE`
--

LOCK TABLES `CLIENT_SESSION_NOTE` WRITE;
/*!40000 ALTER TABLE `CLIENT_SESSION_NOTE` DISABLE KEYS */;
/*!40000 ALTER TABLE `CLIENT_SESSION_NOTE` ENABLE KEYS */;
UNLOCK TABLES;

--
-- TABLE STRUCTURE FOR TABLE `CLIENT_SESSION_PROT_MAPPER`
--

DROP TABLE IF EXISTS `CLIENT_SESSION_PROT_MAPPER`;
/*!40101 SET @SAVED_CS_CLIENT     = @@CHARACTER_SET_CLIENT */;
/*!40101 SET CHARACTER_SET_CLIENT = UTF8 */;
CREATE TABLE `CLIENT_SESSION_PROT_MAPPER` (
  `PROTOCOL_MAPPER_ID` VARCHAR(36) NOT NULL,
  `CLIENT_SESSION` VARCHAR(36) NOT NULL,
  PRIMARY KEY (`CLIENT_SESSION`,`PROTOCOL_MAPPER_ID`),
  CONSTRAINT `FK_33A8SGQW18I532811V7O2DK89` FOREIGN KEY (`CLIENT_SESSION`) REFERENCES `CLIENT_SESSION` (`ID`)
) ENGINE=INNODB DEFAULT CHARSET=LATIN1;
/*!40101 SET CHARACTER_SET_CLIENT = @SAVED_CS_CLIENT */;

--
-- DUMPING DATA FOR TABLE `CLIENT_SESSION_PROT_MAPPER`
--

LOCK TABLES `CLIENT_SESSION_PROT_MAPPER` WRITE;
/*!40000 ALTER TABLE `CLIENT_SESSION_PROT_MAPPER` DISABLE KEYS */;
/*!40000 ALTER TABLE `CLIENT_SESSION_PROT_MAPPER` ENABLE KEYS */;
UNLOCK TABLES;

--
-- TABLE STRUCTURE FOR TABLE `CLIENT_SESSION_ROLE`
--

DROP TABLE IF EXISTS `CLIENT_SESSION_ROLE`;
/*!40101 SET @SAVED_CS_CLIENT     = @@CHARACTER_SET_CLIENT */;
/*!40101 SET CHARACTER_SET_CLIENT = UTF8 */;
CREATE TABLE `CLIENT_SESSION_ROLE` (
  `ROLE_ID` VARCHAR(255) NOT NULL,
  `CLIENT_SESSION` VARCHAR(36) NOT NULL,
  PRIMARY KEY (`CLIENT_SESSION`,`ROLE_ID`),
  CONSTRAINT `FK_11B7SGQW18I532811V7O2DV76` FOREIGN KEY (`CLIENT_SESSION`) REFERENCES `CLIENT_SESSION` (`ID`)
) ENGINE=INNODB DEFAULT CHARSET=LATIN1;
/*!40101 SET CHARACTER_SET_CLIENT = @SAVED_CS_CLIENT */;

--
-- DUMPING DATA FOR TABLE `CLIENT_SESSION_ROLE`
--

LOCK TABLES `CLIENT_SESSION_ROLE` WRITE;
/*!40000 ALTER TABLE `CLIENT_SESSION_ROLE` DISABLE KEYS */;
/*!40000 ALTER TABLE `CLIENT_SESSION_ROLE` ENABLE KEYS */;
UNLOCK TABLES;

--
-- TABLE STRUCTURE FOR TABLE `CLIENT_TEMPLATE`
--

DROP TABLE IF EXISTS `CLIENT_TEMPLATE`;
/*!40101 SET @SAVED_CS_CLIENT     = @@CHARACTER_SET_CLIENT */;
/*!40101 SET CHARACTER_SET_CLIENT = UTF8 */;
CREATE TABLE `CLIENT_TEMPLATE` (
  `ID` VARCHAR(36) NOT NULL,
  `NAME` VARCHAR(255) DEFAULT NULL,
  `REALM_ID` VARCHAR(36) DEFAULT NULL,
  `DESCRIPTION` VARCHAR(255) CHARACTER SET UTF8 DEFAULT NULL,
  `PROTOCOL` VARCHAR(255) DEFAULT NULL,
  `FULL_SCOPE_ALLOWED` BIT(1) NOT NULL DEFAULT B'0',
  `CONSENT_REQUIRED` BIT(1) NOT NULL DEFAULT B'0',
  `STANDARD_FLOW_ENABLED` BIT(1) NOT NULL DEFAULT B'1',
  `IMPLICIT_FLOW_ENABLED` BIT(1) NOT NULL DEFAULT B'0',
  `DIRECT_ACCESS_GRANTS_ENABLED` BIT(1) NOT NULL DEFAULT B'0',
  `SERVICE_ACCOUNTS_ENABLED` BIT(1) NOT NULL DEFAULT B'0',
  `FRONTCHANNEL_LOGOUT` BIT(1) NOT NULL DEFAULT B'0',
  `BEARER_ONLY` BIT(1) NOT NULL DEFAULT B'0',
  `PUBLIC_CLIENT` BIT(1) NOT NULL DEFAULT B'0',
  PRIMARY KEY (`ID`),
  UNIQUE KEY `UK_CLI_TEMPLATE` (`REALM_ID`,`NAME`),
  CONSTRAINT `FK_REALM_CLI_TMPLT` FOREIGN KEY (`REALM_ID`) REFERENCES `REALM` (`ID`)
) ENGINE=INNODB DEFAULT CHARSET=LATIN1;
/*!40101 SET CHARACTER_SET_CLIENT = @SAVED_CS_CLIENT */;

--
-- DUMPING DATA FOR TABLE `CLIENT_TEMPLATE`
--

LOCK TABLES `CLIENT_TEMPLATE` WRITE;
/*!40000 ALTER TABLE `CLIENT_TEMPLATE` DISABLE KEYS */;
/*!40000 ALTER TABLE `CLIENT_TEMPLATE` ENABLE KEYS */;
UNLOCK TABLES;

--
-- TABLE STRUCTURE FOR TABLE `CLIENT_TEMPLATE_ATTRIBUTES`
--

DROP TABLE IF EXISTS `CLIENT_TEMPLATE_ATTRIBUTES`;
/*!40101 SET @SAVED_CS_CLIENT     = @@CHARACTER_SET_CLIENT */;
/*!40101 SET CHARACTER_SET_CLIENT = UTF8 */;
CREATE TABLE `CLIENT_TEMPLATE_ATTRIBUTES` (
  `TEMPLATE_ID` VARCHAR(36) NOT NULL,
  `VALUE` VARCHAR(2048) DEFAULT NULL,
  `NAME` VARCHAR(255) NOT NULL,
  PRIMARY KEY (`TEMPLATE_ID`,`NAME`),
  CONSTRAINT `FK_CL_TEMPL_ATTR_TEMPL` FOREIGN KEY (`TEMPLATE_ID`) REFERENCES `CLIENT_TEMPLATE` (`ID`)
) ENGINE=INNODB DEFAULT CHARSET=LATIN1;
/*!40101 SET CHARACTER_SET_CLIENT = @SAVED_CS_CLIENT */;

--
-- DUMPING DATA FOR TABLE `CLIENT_TEMPLATE_ATTRIBUTES`
--

LOCK TABLES `CLIENT_TEMPLATE_ATTRIBUTES` WRITE;
/*!40000 ALTER TABLE `CLIENT_TEMPLATE_ATTRIBUTES` DISABLE KEYS */;
/*!40000 ALTER TABLE `CLIENT_TEMPLATE_ATTRIBUTES` ENABLE KEYS */;
UNLOCK TABLES;

--
-- TABLE STRUCTURE FOR TABLE `CLIENT_USER_SESSION_NOTE`
--

DROP TABLE IF EXISTS `CLIENT_USER_SESSION_NOTE`;
/*!40101 SET @SAVED_CS_CLIENT     = @@CHARACTER_SET_CLIENT */;
/*!40101 SET CHARACTER_SET_CLIENT = UTF8 */;
CREATE TABLE `CLIENT_USER_SESSION_NOTE` (
  `NAME` VARCHAR(255) NOT NULL,
  `VALUE` VARCHAR(2048) DEFAULT NULL,
  `CLIENT_SESSION` VARCHAR(36) NOT NULL,
  PRIMARY KEY (`CLIENT_SESSION`,`NAME`),
  CONSTRAINT `FK_CL_USR_SES_NOTE` FOREIGN KEY (`CLIENT_SESSION`) REFERENCES `CLIENT_SESSION` (`ID`)
) ENGINE=INNODB DEFAULT CHARSET=LATIN1;
/*!40101 SET CHARACTER_SET_CLIENT = @SAVED_CS_CLIENT */;

--
-- DUMPING DATA FOR TABLE `CLIENT_USER_SESSION_NOTE`
--

LOCK TABLES `CLIENT_USER_SESSION_NOTE` WRITE;
/*!40000 ALTER TABLE `CLIENT_USER_SESSION_NOTE` DISABLE KEYS */;
/*!40000 ALTER TABLE `CLIENT_USER_SESSION_NOTE` ENABLE KEYS */;
UNLOCK TABLES;

--
-- TABLE STRUCTURE FOR TABLE `COMPONENT`
--

DROP TABLE IF EXISTS `COMPONENT`;
/*!40101 SET @SAVED_CS_CLIENT     = @@CHARACTER_SET_CLIENT */;
/*!40101 SET CHARACTER_SET_CLIENT = UTF8 */;
CREATE TABLE `COMPONENT` (
  `ID` VARCHAR(36) NOT NULL,
  `NAME` VARCHAR(255) DEFAULT NULL,
  `PARENT_ID` VARCHAR(36) DEFAULT NULL,
  `PROVIDER_ID` VARCHAR(36) DEFAULT NULL,
  `PROVIDER_TYPE` VARCHAR(255) DEFAULT NULL,
  `REALM_ID` VARCHAR(36) DEFAULT NULL,
  `SUB_TYPE` VARCHAR(255) DEFAULT NULL,
  PRIMARY KEY (`ID`),
  KEY `IDX_COMPONENT_REALM` (`REALM_ID`),
  CONSTRAINT `FK_COMPONENT_REALM` FOREIGN KEY (`REALM_ID`) REFERENCES `REALM` (`ID`)
) ENGINE=INNODB DEFAULT CHARSET=LATIN1;
/*!40101 SET CHARACTER_SET_CLIENT = @SAVED_CS_CLIENT */;

--
-- DUMPING DATA FOR TABLE `COMPONENT`
--

LOCK TABLES `COMPONENT` WRITE;
/*!40000 ALTER TABLE `COMPONENT` DISABLE KEYS */;
INSERT INTO `COMPONENT` VALUES ('09B8CE06-06BC-40E4-813E-2FEFD8551684','FULL SCOPE DISABLED','MASTER','SCOPE','ORG.KEYCLOAK.SERVICES.CLIENTREGISTRATION.POLICY.CLIENTREGISTRATIONPOLICY','MASTER','ANONYMOUS'),('19ACF98A-9DF5-4A73-BFCD-55FB40E97F30','CONSENT REQUIRED','MASTER','CONSENT-REQUIRED','ORG.KEYCLOAK.SERVICES.CLIENTREGISTRATION.POLICY.CLIENTREGISTRATIONPOLICY','MASTER','ANONYMOUS'),('30DEE5CA-DEE3-4C33-8AB0-C7E5E960A644','ALLOWED CLIENT TEMPLATES','RSO','ALLOWED-CLIENT-TEMPLATES','ORG.KEYCLOAK.SERVICES.CLIENTREGISTRATION.POLICY.CLIENTREGISTRATIONPOLICY','RSO','ANONYMOUS'),('3F12BF83-1DF0-46E8-86E7-CC0A4A591E45','HMAC-GENERATED','MASTER','HMAC-GENERATED','ORG.KEYCLOAK.KEYS.KEYPROVIDER','MASTER',NULL),('400CAD42-8292-4579-991D-B3F42FBFD654','AES-GENERATED','MASTER','AES-GENERATED','ORG.KEYCLOAK.KEYS.KEYPROVIDER','MASTER',NULL),('51238645-C22A-4C3F-832D-C9430F8F614C','ALLOWED CLIENT TEMPLATES','MASTER','ALLOWED-CLIENT-TEMPLATES','ORG.KEYCLOAK.SERVICES.CLIENTREGISTRATION.POLICY.CLIENTREGISTRATIONPOLICY','MASTER','AUTHENTICATED'),('7BB14948-4899-4EF1-BBAC-C8A5AD1C8FCD','HMAC-GENERATED','RSO','HMAC-GENERATED','ORG.KEYCLOAK.KEYS.KEYPROVIDER','RSO',NULL),('82461D81-1FA9-4EEF-A5DC-58D2CD31805F','ALLOWED PROTOCOL MAPPER TYPES','MASTER','ALLOWED-PROTOCOL-MAPPERS','ORG.KEYCLOAK.SERVICES.CLIENTREGISTRATION.POLICY.CLIENTREGISTRATIONPOLICY','MASTER','ANONYMOUS'),('842B770B-E3B0-45EB-90E6-5F4701F30A02','MAX CLIENTS LIMIT','MASTER','MAX-CLIENTS','ORG.KEYCLOAK.SERVICES.CLIENTREGISTRATION.POLICY.CLIENTREGISTRATIONPOLICY','MASTER','ANONYMOUS'),('8CFFAAB1-900C-47E6-AC06-BE8C27330A5F','RSA-GENERATED','RSO','RSA-GENERATED','ORG.KEYCLOAK.KEYS.KEYPROVIDER','RSO',NULL),('AB52A736-8AAE-415A-8134-DB0D1763AB06','MAX CLIENTS LIMIT','RSO','MAX-CLIENTS','ORG.KEYCLOAK.SERVICES.CLIENTREGISTRATION.POLICY.CLIENTREGISTRATIONPOLICY','RSO','ANONYMOUS'),('B5A08DC1-FD86-4722-9B1D-66F49197E721','TRUSTED HOSTS','MASTER','TRUSTED-HOSTS','ORG.KEYCLOAK.SERVICES.CLIENTREGISTRATION.POLICY.CLIENTREGISTRATIONPOLICY','MASTER','ANONYMOUS'),('BC95371F-4F00-4ACF-B9FF-B06EC74ABC65','ALLOWED CLIENT TEMPLATES','RSO','ALLOWED-CLIENT-TEMPLATES','ORG.KEYCLOAK.SERVICES.CLIENTREGISTRATION.POLICY.CLIENTREGISTRATIONPOLICY','RSO','AUTHENTICATED'),('BEB7FCA6-3B33-418C-8AFA-C7C16F0D0A7B','ALLOWED PROTOCOL MAPPER TYPES','MASTER','ALLOWED-PROTOCOL-MAPPERS','ORG.KEYCLOAK.SERVICES.CLIENTREGISTRATION.POLICY.CLIENTREGISTRATIONPOLICY','MASTER','AUTHENTICATED'),('C71E13C5-59E0-4C66-91B6-49FEAC54D39B','CONSENT REQUIRED','RSO','CONSENT-REQUIRED','ORG.KEYCLOAK.SERVICES.CLIENTREGISTRATION.POLICY.CLIENTREGISTRATIONPOLICY','RSO','ANONYMOUS'),('C8EB38FB-52CC-4C6B-9056-8057FAEF53FB','FULL SCOPE DISABLED','RSO','SCOPE','ORG.KEYCLOAK.SERVICES.CLIENTREGISTRATION.POLICY.CLIENTREGISTRATIONPOLICY','RSO','ANONYMOUS'),('D1970E48-A95F-49E7-91A6-C6DC09A7658C','AES-GENERATED','RSO','AES-GENERATED','ORG.KEYCLOAK.KEYS.KEYPROVIDER','RSO',NULL),('E0355A2D-9FF5-4E6A-B5B9-7A5FEF1E2F3A','ALLOWED PROTOCOL MAPPER TYPES','RSO','ALLOWED-PROTOCOL-MAPPERS','ORG.KEYCLOAK.SERVICES.CLIENTREGISTRATION.POLICY.CLIENTREGISTRATIONPOLICY','RSO','ANONYMOUS'),('ED26FA56-E4A7-49B8-8063-115F1FB683C5','ALLOWED CLIENT TEMPLATES','MASTER','ALLOWED-CLIENT-TEMPLATES','ORG.KEYCLOAK.SERVICES.CLIENTREGISTRATION.POLICY.CLIENTREGISTRATIONPOLICY','MASTER','ANONYMOUS'),('F4B9A5B4-CB06-44A4-A4AF-F2762C7B8E73','TRUSTED HOSTS','RSO','TRUSTED-HOSTS','ORG.KEYCLOAK.SERVICES.CLIENTREGISTRATION.POLICY.CLIENTREGISTRATIONPOLICY','RSO','ANONYMOUS'),('F5164640-AFD7-4D12-A630-350740903E58','ALLOWED PROTOCOL MAPPER TYPES','RSO','ALLOWED-PROTOCOL-MAPPERS','ORG.KEYCLOAK.SERVICES.CLIENTREGISTRATION.POLICY.CLIENTREGISTRATIONPOLICY','RSO','AUTHENTICATED'),('FD591963-0CA1-440C-AC1D-ED262CC4ACE5','RSA-GENERATED','MASTER','RSA-GENERATED','ORG.KEYCLOAK.KEYS.KEYPROVIDER','MASTER',NULL);
/*!40000 ALTER TABLE `COMPONENT` ENABLE KEYS */;
UNLOCK TABLES;

--
-- TABLE STRUCTURE FOR TABLE `COMPONENT_CONFIG`
--

DROP TABLE IF EXISTS `COMPONENT_CONFIG`;
/*!40101 SET @SAVED_CS_CLIENT     = @@CHARACTER_SET_CLIENT */;
/*!40101 SET CHARACTER_SET_CLIENT = UTF8 */;
CREATE TABLE `COMPONENT_CONFIG` (
  `ID` VARCHAR(36) NOT NULL,
  `COMPONENT_ID` VARCHAR(36) NOT NULL,
  `NAME` VARCHAR(255) NOT NULL,
  `VALUE` VARCHAR(4000) CHARACTER SET UTF8 DEFAULT NULL,
  PRIMARY KEY (`ID`),
  KEY `IDX_COMPO_CONFIG_COMPO` (`COMPONENT_ID`),
  CONSTRAINT `FK_COMPONENT_CONFIG` FOREIGN KEY (`COMPONENT_ID`) REFERENCES `COMPONENT` (`ID`)
) ENGINE=INNODB DEFAULT CHARSET=LATIN1;
/*!40101 SET CHARACTER_SET_CLIENT = @SAVED_CS_CLIENT */;

--
-- DUMPING DATA FOR TABLE `COMPONENT_CONFIG`
--

LOCK TABLES `COMPONENT_CONFIG` WRITE;
/*!40000 ALTER TABLE `COMPONENT_CONFIG` DISABLE KEYS */;
INSERT INTO `COMPONENT_CONFIG` VALUES ('035C1533-6A0A-4B74-B09A-36ACC9206F22','3F12BF83-1DF0-46E8-86E7-CC0A4A591E45','PRIORITY','100'),('044CE177-9D40-4AC6-AE10-04AEA07F6EBC','7BB14948-4899-4EF1-BBAC-C8A5AD1C8FCD','SECRET','7UKHDD2HGKRSTRWXV6WC2VILOILYCLBDMVIRNHZGXGM'),('07E8C1E5-83B3-4501-B80F-6CD62BA25A87','BEB7FCA6-3B33-418C-8AFA-C7C16F0D0A7B','ALLOWED-PROTOCOL-MAPPER-TYPES','OIDC-ADDRESS-MAPPER'),('0A26DA9B-22CC-4ECF-9F32-E740107F3CC0','400CAD42-8292-4579-991D-B3F42FBFD654','PRIORITY','100'),('0ADB17E3-2B32-4558-9804-ECCC5D9BD3F3','BEB7FCA6-3B33-418C-8AFA-C7C16F0D0A7B','ALLOWED-PROTOCOL-MAPPER-TYPES','SAML-USER-ATTRIBUTE-MAPPER'),('0C30FBE5-7AE7-415F-81CD-8D4DDDACAA32','82461D81-1FA9-4EEF-A5DC-58D2CD31805F','ALLOWED-PROTOCOL-MAPPER-TYPES','SAML-ROLE-LIST-MAPPER'),('161877AE-5BF0-46AC-B942-8E92346F7629','BEB7FCA6-3B33-418C-8AFA-C7C16F0D0A7B','ALLOWED-PROTOCOL-MAPPER-TYPES','OIDC-USERMODEL-ATTRIBUTE-MAPPER'),('18983680-B0F4-467C-8341-26591837E01F','F5164640-AFD7-4D12-A630-350740903E58','ALLOWED-PROTOCOL-MAPPER-TYPES','OIDC-FULL-NAME-MAPPER'),('1AFF776A-8CB5-4777-BACC-6F7CA59491B4','BEB7FCA6-3B33-418C-8AFA-C7C16F0D0A7B','ALLOWED-PROTOCOL-MAPPER-TYPES','OIDC-FULL-NAME-MAPPER'),('1E5EB59A-3450-4802-A4FD-1C28795E216D','82461D81-1FA9-4EEF-A5DC-58D2CD31805F','ALLOWED-PROTOCOL-MAPPER-TYPES','SAML-USER-ATTRIBUTE-MAPPER'),('1E7186F0-4080-4F61-9BE0-F64407122688','E0355A2D-9FF5-4E6A-B5B9-7A5FEF1E2F3A','ALLOWED-PROTOCOL-MAPPER-TYPES','SAML-ROLE-LIST-MAPPER'),('24CFCADD-5084-4ADF-BE42-E90C2670A257','8CFFAAB1-900C-47E6-AC06-BE8C27330A5F','PRIVATEKEY','MIIEOWIBAAKCAQEAIKRF5YOJ4UW+7HXAAPGLUVJSJF+G8IJ8QY6H79NC4HH1FTHFPWO3GHG5AN0+F3FNNMNX6SVLPR7Z0VSG5PLVYKUAQ1YGMLGLOX1NUVTJTJS8Y2A57BAJNQQKOBVDGMNLISXO8VMSRX3IZW6NRQAG9/CIPDC0EOQOOK0RITJFUEJTEDYXHJNLYCJQVANB6UTNGR70OROQFHRXBDZ6K2//U4VLGBJN3BZHTQCK9HGATDIHAE8TKLWVENSB1YXKZW1ZIPDT1RXIAEAADG2044V5LOVTBDZKK4MEFKJ+QZXWLHB3GSZ4BFA0XB3EQE03E73TT0OLG0P60S9CZMDBSVKMUQIDAQABAOIBABTDRYDQBDKDM/IX1NHCQDQX13QRQR9AG7Q7SLPBMCGCHDNFRUFLG2FUIJNXK9+/QOJ1BNDDFYFJMSYFEFE7WPI4AOZGD0KBWK4MG2H8YLYUKBH5K0CMGI+TUX1RCHYAJUNNWRGBHF1SF1E5ZO/AASR+LS/IDYO9TWTEM7WAHOGGYE8BN8UAI+CAJEPWTI6JEM+VK7YJNTLXAWXCMAARRJCGDFWZWCHWDNUPQOTYN5HDV4Y5LEW0CILHTBKQIAH7KMRQRXJ6NDEKP/YFKDWAYVHCANQA1V1KI0HUU1YADRM5ZNU3ALMVYLGYZ8WJJ0PVVOL0ZQVMJPBIBDFV/6NGZ6ECGYEAX92IKGAHPQHQZVFFLODPUUOQWL0JEPDMZHPPD0PWSAORAWBT5BYPCUDXUWVF5OYOC5DMFNG1ITBQUZO93W4NANWFVAU779DI1QE1YOKE7F/JU5PHVKRLKATLXX5ZF1SSF/JG21XXOUVPKRJN1VBZ1VLJ+6NYVY4Z9C97P8XQ0KMCGYEASSIDJHCO+SJ9YEI8OLCIX1YRJTPEDRZPXVKWZ8TIRHYSY9NM5KAI1TCDJLP0H9Z//V/RL0WKVGF3IQEG7PODXUS32F4XQN9F0ICST5QDWUPJIF67EJVZOQNMVS9DB79C+CYV821HYWF1DJPYW7PTRRMDP5OPDUWMGNWJMPNNFVMCGYAVL55C1Z3BY5VFHMILIOXXMRSIR6TJ9TTYO+UGE9XMOOGVKKK6B+EKJXB2/ENGFD7UXBIXBKVX/KZICDTY9G6BDGVWGRNWY5F7LY2EFYBJP6D0TG6ES33ELXBRZGHOQGTQFIZF2CDXAPW3RNH2HFYZFN4LUCXCN6NQQFNTMNSCJWKBGQCFQRBJ70B9FRSFUI2MOKE3RTCEYYO8HWTNWD0RZ9DFIY5P6T3WO2DAT1QYIK9XEAI2CQ01IAWBNDJS4PMDEHRYILHRUJKBG1CA8XPPBB/GG4GJAMBAQ+IT8KBHIZMYYGMP69TSTSKWNVTHIM/SCUCBNPXM+WWU2AIS6SMQ/Y4VTQKBGBW9J3YEIEQJUWYALFIZKFX1SGDZCPCVWXF0+/Y1BXOXFYLJDH9H9DQEDENITQQRQAYNWS21S3JH5CJGLMBBPAGH1PPAIMLY08KT6P882DCE2WQOLZQOEIEG8RUPCVAHQI9MJD/PRMLEUWMHI74I6WFPHA4UMOE0JWIHUDDLPIPM'),('2898EE11-CF06-48A6-9B13-1736C2E6C723','82461D81-1FA9-4EEF-A5DC-58D2CD31805F','ALLOWED-PROTOCOL-MAPPER-TYPES','OIDC-USERMODEL-ATTRIBUTE-MAPPER'),('31B93ADC-C693-4029-B2CB-8485A18BF799','E0355A2D-9FF5-4E6A-B5B9-7A5FEF1E2F3A','CONSENT-REQUIRED-FOR-ALL-MAPPERS','TRUE'),('371F8885-A5EF-407A-B7A8-F8F707E3E04B','82461D81-1FA9-4EEF-A5DC-58D2CD31805F','ALLOWED-PROTOCOL-MAPPER-TYPES','OIDC-ADDRESS-MAPPER'),('38C8DDB9-4479-4FE7-A446-B7BE5CFA0E3B','D1970E48-A95F-49E7-91A6-C6DC09A7658C','KID','DB9D7482-303E-4BC6-BD9E-52DC69C11AA3'),('3A0E8DB4-76F7-4EEE-972B-D97F64BBB61B','E0355A2D-9FF5-4E6A-B5B9-7A5FEF1E2F3A','ALLOWED-PROTOCOL-MAPPER-TYPES','OIDC-FULL-NAME-MAPPER'),('3C5D0515-10D8-4BE0-9514-7F6FAD661162','BEB7FCA6-3B33-418C-8AFA-C7C16F0D0A7B','CONSENT-REQUIRED-FOR-ALL-MAPPERS','TRUE'),('47DC79A9-0330-4EEA-BE73-2A30DB5CAED0','8CFFAAB1-900C-47E6-AC06-BE8C27330A5F','CERTIFICATE','MIICLTCCAX0CBGFIHVKCTDANBGKQHKIG9W0BAQSFADAOMQWWCGYDVQQDDANYC28WHHCNMTGWNDAYMTUXOTIYWHCNMJGWNDAYMTUYMTAYWJAOMQWWCGYDVQQDDANYC28WGGEIMA0GCSQGSIB3DQEBAQUAA4IBDWAWGGEKAOIBAQCKST/NKIPHRB7UHEAA+CW5ULKN/6DYINYRLOFV2DZIEFV+2F+LY7CYEDKA3T4XCWECYFHPJWWMVVPS9KDK8U9GQ5PDVGYWSYUJHWE6+0LMLLXJZRNSFQM2PCQ5U8OAW0UJLE7Y+AXHHCJPDQDFBOB39WIL1ZQSIO6GRRGJMKW4SO0QPLGEK2VGKNBUA1VQ5M2CVVSIS6OWGTDSPPORB/+7I+WAEK3DVMDOOIR2EZPN0GCB7Y2QTZV41IHXJERLBVKG8O3WVGIAQBOODBTJI/KUHVNSPMQTGX4UQP6RNFASCHECZPGF9RRDVCSOTTCTVE23SIWDSNRRL0JKWNUXWQY5AGMBAAEWDQYJKOZIHVCNAQELBQADGGEBAHCHJCSJWSWTSNSK6HGI9IP+XBKJTRM3Z45PJULMK4GCP8OVYY5S4CWNXEK8NYJ/OKC3+UPNAKY7QU297SPCCXWUKDZ8TYMUCWAX84H1DFXARB8BPQY0CMVWHDSR5V3LKPCSETYZ0U0YJKD0OO01/ZQRHSAEG8M+QMHDX4TLB7ORL/5GDF64TQ1ILORLKWIBMX4NB3FDNJZPGGPN9KPEPLGPMAFJWA22XAR/C0N6A2G/+/+ZWGHZJR2OVWLMWCEKDWYN7YOR/4KVVA9H2CAADIKSDHEUIYASE7FD7CESXKN/REP3FV7W4JFH6ACYHYHAJKSCLPITMHNZKNCZDCIFUXK='),('51A984C8-F0AD-40DE-8332-64B10FFD7BAB','82461D81-1FA9-4EEF-A5DC-58D2CD31805F','ALLOWED-PROTOCOL-MAPPER-TYPES','OIDC-USERMODEL-PROPERTY-MAPPER'),('5B2B0A80-844B-4A43-A507-27FC2B3D5C2D','B5A08DC1-FD86-4722-9B1D-66F49197E721','CLIENT-URIS-MUST-MATCH','TRUE'),('5C863CC6-FFEF-45F6-ADA4-CF86BEBDB80F','82461D81-1FA9-4EEF-A5DC-58D2CD31805F','CONSENT-REQUIRED-FOR-ALL-MAPPERS','TRUE'),('5D9951A5-1EAA-4617-9E41-92877F188B86','E0355A2D-9FF5-4E6A-B5B9-7A5FEF1E2F3A','ALLOWED-PROTOCOL-MAPPER-TYPES','OIDC-SHA256-PAIRWISE-SUB-MAPPER'),('690FC0CB-3C6E-464B-A752-3A6E3F5B9EDC','B5A08DC1-FD86-4722-9B1D-66F49197E721','HOST-SENDING-REGISTRATION-REQUEST-MUST-MATCH','TRUE'),('69D02436-461A-47D9-B9C9-CC3728DAEB3D','E0355A2D-9FF5-4E6A-B5B9-7A5FEF1E2F3A','ALLOWED-PROTOCOL-MAPPER-TYPES','SAML-USER-PROPERTY-MAPPER'),('6A107E6E-ED63-4B06-AEFB-6A099EF1ACDE','F5164640-AFD7-4D12-A630-350740903E58','ALLOWED-PROTOCOL-MAPPER-TYPES','OIDC-USERMODEL-PROPERTY-MAPPER'),('6AA651F3-C8B3-468C-B4A5-038125B1EDD9','BEB7FCA6-3B33-418C-8AFA-C7C16F0D0A7B','ALLOWED-PROTOCOL-MAPPER-TYPES','SAML-ROLE-LIST-MAPPER'),('6F4B1B42-71FA-4C83-9733-719071F792A9','E0355A2D-9FF5-4E6A-B5B9-7A5FEF1E2F3A','ALLOWED-PROTOCOL-MAPPER-TYPES','OIDC-USERMODEL-ATTRIBUTE-MAPPER'),('6F5BD306-B963-4CA4-B4EE-E86B199FA5B5','3F12BF83-1DF0-46E8-86E7-CC0A4A591E45','KID','528660DD-28BE-450D-9B3B-6FAAF5D17924'),('72AAAB6F-FC34-4A29-815E-93B923F898B4','82461D81-1FA9-4EEF-A5DC-58D2CD31805F','ALLOWED-PROTOCOL-MAPPER-TYPES','SAML-USER-PROPERTY-MAPPER'),('7366B77D-48DF-4665-BE80-3D24BB24C6FA','FD591963-0CA1-440C-AC1D-ED262CC4ACE5','CERTIFICATE','MIICMZCCAYMCBGFIHURI+DANBGKQHKIG9W0BAQSFADARMQ8WDQYDVQQDDAZTYXN0ZXIWHHCNMTGWNDAYMTUXMTAZWHCNMJGWNDAYMTUXMJQZWJARMQ8WDQYDVQQDDAZTYXN0ZXIWGGEIMA0GCSQGSIB3DQEBAQUAA4IBDWAWGGEKAOIBAQCGEJLDAGB3DNZDCSE6TXPN2QEDCUGTOBCGDLZOMTIBMSOG/POWZBEOCIUOBMQHIPMED/6A1JYBVTR/C7RRWWNZOTZND6VKPIKSILHOW2JJ4JCM82DCP+WJXDFTD8LATMLKB0WLBDAPNTLDPZDNBDINKD7RUABWCVO7R/D6U73+BFLUYWBFHDF27D3TRAGQXV//Y72W8HEGL+6H0OQLF2JIS5LHLS8J7G3Y4XAADA9LGAY4R+YSI8RLQFULACI/XHUBBYET6+TI7LSTZQMR1MZGW7BBGNRPM49HOU3UUNFNN+GA5HSNKWEWCRZUD1LWPW9LT54QK556/GKFNIOBNIOTAGMBAAEWDQYJKOZIHVCNAQELBQADGGEBAFK+2F4B0VFKEGIWLYKI2I3INWRBAUDAWAHYBDARBAJMQ5S1CFCN56AJIBJJJHUKNSISFYNSVNBXDNPOBZM0/XCY0HL8R1DZYCMO/H5WH+AHBVD7XEIWYMDWR2JNXUII8MCWE2MR7ADWLLKAFRMUV+CLG6XTYE2PKD5+OZYDNFB4GO/9FL6NEW6FYBSDT5LFZKANSVCOSR4N2MXVYETBOONS8BMEKNFB4IJPATX/Z3ZHPIK0I6DUQDCJF4DGSMCWKWTKUPC+4XD/BDKFJGZJ6POJ7BQY/2G6FZIZVUAJFT6NTPHEXBB1PTGGTH9ZHJYO6VCAVKG3YP3MPFNAAJD4X4I='),('76EDF72A-3BCF-4947-95F7-530BACB01B16','842B770B-E3B0-45EB-90E6-5F4701F30A02','MAX-CLIENTS','200'),('80BF0FB2-9BA6-4188-8E3A-2D235E5AE1D0','E0355A2D-9FF5-4E6A-B5B9-7A5FEF1E2F3A','ALLOWED-PROTOCOL-MAPPER-TYPES','OIDC-ADDRESS-MAPPER'),('815E1FDF-002C-4416-932A-1172F806BF0E','E0355A2D-9FF5-4E6A-B5B9-7A5FEF1E2F3A','ALLOWED-PROTOCOL-MAPPER-TYPES','SAML-USER-ATTRIBUTE-MAPPER'),('89CEC8C4-7BAD-41AF-A281-1EF1CA24FD08','BEB7FCA6-3B33-418C-8AFA-C7C16F0D0A7B','ALLOWED-PROTOCOL-MAPPER-TYPES','OIDC-SHA256-PAIRWISE-SUB-MAPPER'),('909D1B50-20AA-4FE4-9C39-C1D4780EFE72','7BB14948-4899-4EF1-BBAC-C8A5AD1C8FCD','KID','AD64051F-EC46-49BA-B47A-AACE3C2C62D3'),('94B49B97-FBB0-41BD-A413-84731D6935AB','82461D81-1FA9-4EEF-A5DC-58D2CD31805F','ALLOWED-PROTOCOL-MAPPER-TYPES','OIDC-FULL-NAME-MAPPER'),('99298C34-B18E-4973-8F1E-2F79C4B776A9','F5164640-AFD7-4D12-A630-350740903E58','ALLOWED-PROTOCOL-MAPPER-TYPES','SAML-USER-PROPERTY-MAPPER'),('99F180AE-23C0-4D2A-9A2D-F0A217C7FB1A','F5164640-AFD7-4D12-A630-350740903E58','ALLOWED-PROTOCOL-MAPPER-TYPES','OIDC-USERMODEL-ATTRIBUTE-MAPPER'),('9C837C62-16CB-4748-A462-0F0CE3D2D8A8','BEB7FCA6-3B33-418C-8AFA-C7C16F0D0A7B','ALLOWED-PROTOCOL-MAPPER-TYPES','OIDC-USERMODEL-PROPERTY-MAPPER'),('9E19836C-89C5-4CBE-96F1-ABE40B5378E1','8CFFAAB1-900C-47E6-AC06-BE8C27330A5F','PRIORITY','100'),('A3F0CC01-933C-4650-8C5C-B5F715FBC3C8','F5164640-AFD7-4D12-A630-350740903E58','ALLOWED-PROTOCOL-MAPPER-TYPES','OIDC-ADDRESS-MAPPER'),('A60D688F-F832-491D-90B4-2F12E561A586','AB52A736-8AAE-415A-8134-DB0D1763AB06','MAX-CLIENTS','200'),('A7465BD1-D314-41CF-82F9-7B332D00B095','3F12BF83-1DF0-46E8-86E7-CC0A4A591E45','SECRET','B12N-BIHQRFZSDL5SUENAHJLPZMLGBGA-O5QUV0I3PI'),('ACB95C83-3519-4D27-91AA-E4FC0C6E004E','82461D81-1FA9-4EEF-A5DC-58D2CD31805F','ALLOWED-PROTOCOL-MAPPER-TYPES','OIDC-SHA256-PAIRWISE-SUB-MAPPER'),('B938EBF1-8896-4596-A7F2-725B6B5A5757','400CAD42-8292-4579-991D-B3F42FBFD654','KID','23FE5F22-9C31-4110-8D12-E80CD9366E97'),('BD70B860-6683-4AA3-A749-FA09AFAB3C51','F5164640-AFD7-4D12-A630-350740903E58','ALLOWED-PROTOCOL-MAPPER-TYPES','OIDC-SHA256-PAIRWISE-SUB-MAPPER'),('C07E382A-48D4-4D39-BD02-8B5F95A2204E','F5164640-AFD7-4D12-A630-350740903E58','ALLOWED-PROTOCOL-MAPPER-TYPES','SAML-USER-ATTRIBUTE-MAPPER'),('C2257B37-1F55-41B8-BE59-AD2ED0294307','F4B9A5B4-CB06-44A4-A4AF-F2762C7B8E73','HOST-SENDING-REGISTRATION-REQUEST-MUST-MATCH','TRUE'),('C255A05C-97C6-46F5-8A0D-C59CA37E8650','D1970E48-A95F-49E7-91A6-C6DC09A7658C','SECRET','SMPQCIK_14P9LQLGOTJG6A'),('C9857418-FCBB-4E74-B5BE-0601827C0459','D1970E48-A95F-49E7-91A6-C6DC09A7658C','PRIORITY','100'),('CC976AAF-3EE7-4723-8563-7D1229B08078','E0355A2D-9FF5-4E6A-B5B9-7A5FEF1E2F3A','ALLOWED-PROTOCOL-MAPPER-TYPES','OIDC-USERMODEL-PROPERTY-MAPPER'),('D6862F75-9991-45FB-BD9D-6E7FD24C6F10','400CAD42-8292-4579-991D-B3F42FBFD654','SECRET','OKBKYO2ZDXGACAELNDDWGQ'),('D7136A6F-B6F2-4E57-834C-2D4595F7826C','BEB7FCA6-3B33-418C-8AFA-C7C16F0D0A7B','ALLOWED-PROTOCOL-MAPPER-TYPES','SAML-USER-PROPERTY-MAPPER'),('E23DBFA6-980C-4E53-BA4A-B1FA073EE1AA','FD591963-0CA1-440C-AC1D-ED262CC4ACE5','PRIVATEKEY','MIIEPAIBAAKCAQEAOBCZXQBGD3TWQ3LBORCTZDKHNXFBKZMWOHS2TJE4GTLKIPZ6MM23QAIFDGTKHYD5HA/+GNSCGVU6/WU60VSJ8ZK2TXELZKSCRCCX6MNISEI3DPNNQQFLICQ37XFJQLTJSM9MJW3QDZBZXAWXZ2WYJ5A+67MGCHFTU6/W+LO9/GRZVGFMXYXX9U3D00QIKL1F/8U9LVIXHI/UODKECXDOYEUS4ZUVCE4N8UMWMNQPSXGMUK/MEIPK5UBVJQHIV8R7M28NREVKYO5BLWUJKDZSXLU2WYDAZ5UPRZLN7LJXTZ/HMUR0PYSHSHEC1A9ZVJ1VS0+EKPOEEV4CN54QGZSDKWIDAQABAOIBAQCYIJKDOFZOGVIQRTRQUFHVO/091CKGFUIOKCV0QIOO3LY0AEIK0GFOAXCKI5A+4HXPNTR1OIJKOE1Y8DY/13RMCCHWAA3LE8JUN3RU1P68UPCSDURBYZAK8PI6BIYO3DTYBGIS4TH9LDBIPP57OWKYUWY7QNN1VQRVOUT0KWPNIFVO62TPSUMVLHTQAI6XZPGFZ4VKIMNG/ZIDPOD8GCTUIKMWPFHLMI71LTUM8PKP2D4MBHL+BS8OJEOEUUT6YUG1Q6YJTDJWWGYIBE+FPX1SQITKAI2F7UGPKHL9PP7WVGSGCPTLD8USOECQLMLC1ZXUTTC3ARZZRUH6B42EIBIBAOGBAP54XSIMSQECDXJEWHSJSZ95Y8OB1F+68RSFBBHWXVKDVWMMVQPGSEXW2SUUKVZUM80VTT/OBHG0V+ZYIGNP5WHIINVNGANOILL4FD5K+/2FJ3FLBUY2FBLWUOPT2KOXBVNDQVJBWHPQSJPWUWCV6B2ITEHHWJ6DQS6HFVZAVPIZAOGBAKEG8WWMF46SKJDSAY9EDDF1XTYQUFB7UHJY8YFXNILOVJ2RPPX6OZZ0SGR/AR79LCYM5APHH1DEAXYDEKTJLANVH6WEKTRBXZYTJEXU+NNEIOAAY7STJL13OZ/QWRSVKSQS7WY4PBKWDDRNZ/FUBOQYFXKUB4JEP1GORMAO2RCLAOGBAN14SCVUVTSGMSS/SWS6AWBOKWNAHWNJW4M9QCDTQAN1YM6SLGFAFYQR3HRUZA0ZCIAT+2MY9VLNSVTHLKKYKFKFN/FCKVXTELYBKHCZZ6JMY+LGV4CBOE8KEG//LSZNY5AHD6W0KOU37D6U7KU2ZZP8WZUZRBLJTSWJJG/OUV9RAOGAEZ6T3VUXPWV2T5OE5FDZTB8KAMPCPZ0VSAMZ7H3RDAN99R6DG4YQFKLWJDL3QU/LCH3EP473AFJ/KELX9IDUK6LBTDGKZYFRLLLXVF6A0WOF6K+0GE0VUPF9SEOXKZBE5GRJ+ZJRCJ+QHBPSPDU/EHY50/+GXLH5T+ZTWDXAKZ8CGYBZC8GWL1DSVIFY0D0HSVDIEHXENTL8E5CUIW3BUPFN0BSVXID6KPV1/EYP26CPVS6XSKSH+VO1MMGFC39TE2LMCHLIGZAZGZLMT1OQ+B4HWN4NTEV57WWOHL2XI41QFT3USIB7ZH2NGVLT43GHLZWOZYG4SG89QSYMJIRYDS00SW=='),('E5C0941F-44BD-456E-A74A-4436A36A55F2','FD591963-0CA1-440C-AC1D-ED262CC4ACE5','PRIORITY','100'),('EEA923D3-2B10-4B11-A0E6-43BAD8D02668','7BB14948-4899-4EF1-BBAC-C8A5AD1C8FCD','PRIORITY','100'),('F42028FB-DEFB-42D4-A3DB-F20C73C080C7','F4B9A5B4-CB06-44A4-A4AF-F2762C7B8E73','CLIENT-URIS-MUST-MATCH','TRUE'),('F60015F6-BA62-49AA-B153-E3BD8F4E5F4F','F5164640-AFD7-4D12-A630-350740903E58','ALLOWED-PROTOCOL-MAPPER-TYPES','SAML-ROLE-LIST-MAPPER'),('FD34F672-9608-4D1E-A814-8766E9C1DE91','F5164640-AFD7-4D12-A630-350740903E58','CONSENT-REQUIRED-FOR-ALL-MAPPERS','TRUE');
/*!40000 ALTER TABLE `COMPONENT_CONFIG` ENABLE KEYS */;
UNLOCK TABLES;

--
-- TABLE STRUCTURE FOR TABLE `COMPOSITE_ROLE`
--

DROP TABLE IF EXISTS `COMPOSITE_ROLE`;
/*!40101 SET @SAVED_CS_CLIENT     = @@CHARACTER_SET_CLIENT */;
/*!40101 SET CHARACTER_SET_CLIENT = UTF8 */;
CREATE TABLE `COMPOSITE_ROLE` (
  `COMPOSITE` VARCHAR(36) NOT NULL,
  `CHILD_ROLE` VARCHAR(36) NOT NULL,
  PRIMARY KEY (`COMPOSITE`,`CHILD_ROLE`),
  KEY `IDX_COMPOSITE` (`COMPOSITE`),
  KEY `IDX_COMPOSITE_CHILD` (`CHILD_ROLE`),
  CONSTRAINT `FK_A63WVEKFTU8JO1PNJ81E7MCE2` FOREIGN KEY (`COMPOSITE`) REFERENCES `KEYCLOAK_ROLE` (`ID`),
  CONSTRAINT `FK_GR7THLLB9LU8Q4VQA4524JJY8` FOREIGN KEY (`CHILD_ROLE`) REFERENCES `KEYCLOAK_ROLE` (`ID`)
) ENGINE=INNODB DEFAULT CHARSET=LATIN1;
/*!40101 SET CHARACTER_SET_CLIENT = @SAVED_CS_CLIENT */;

--
-- DUMPING DATA FOR TABLE `COMPOSITE_ROLE`
--

LOCK TABLES `COMPOSITE_ROLE` WRITE;
/*!40000 ALTER TABLE `COMPOSITE_ROLE` DISABLE KEYS */;
INSERT INTO `COMPOSITE_ROLE` VALUES ('004E8D4E-D970-4280-A10A-346C61C87619','6B71A2D6-D276-407D-9C75-44DDDCFC1CB9'),('004E8D4E-D970-4280-A10A-346C61C87619','F13A65C7-4481-47E7-9B20-F1FAC13984BD'),('15370E1E-4726-4B21-9084-72D538CE6320','4634734F-41D0-4DE7-98E7-50F1F34D2E2D'),('286AE8D1-07F8-4161-9A68-0564D3D30BB0','004E8D4E-D970-4280-A10A-346C61C87619'),('286AE8D1-07F8-4161-9A68-0564D3D30BB0','0E154A03-D91E-4A0E-B4D0-53D543F7C075'),('286AE8D1-07F8-4161-9A68-0564D3D30BB0','2F1A7568-F7A5-4773-9D46-16D8BB781630'),('286AE8D1-07F8-4161-9A68-0564D3D30BB0','350A6073-9402-45E6-B149-61ABFF35D30C'),('286AE8D1-07F8-4161-9A68-0564D3D30BB0','3BB4C48B-C220-4300-962B-29A4C994DF30'),('286AE8D1-07F8-4161-9A68-0564D3D30BB0','46E7BDC8-59ED-437E-BB02-42490823069C'),('286AE8D1-07F8-4161-9A68-0564D3D30BB0','559602DF-60C7-4ADB-8657-68F1A5D7F55C'),('286AE8D1-07F8-4161-9A68-0564D3D30BB0','59F1A3A8-221A-4E05-98A5-28F11F125098'),('286AE8D1-07F8-4161-9A68-0564D3D30BB0','5E5B1FBA-0264-4C3B-BDF8-C2D795C9ADBC'),('286AE8D1-07F8-4161-9A68-0564D3D30BB0','6B71A2D6-D276-407D-9C75-44DDDCFC1CB9'),('286AE8D1-07F8-4161-9A68-0564D3D30BB0','859E5E3A-5DD5-4155-AC1F-766389242917'),('286AE8D1-07F8-4161-9A68-0564D3D30BB0','8682666A-883B-4BDB-97D3-E9A8AC1A20FE'),('286AE8D1-07F8-4161-9A68-0564D3D30BB0','894F8ED2-2407-4A15-BFEE-626B5115DFC4'),('286AE8D1-07F8-4161-9A68-0564D3D30BB0','921E666B-F80F-4F16-8895-9A54D2DBBE7E'),('286AE8D1-07F8-4161-9A68-0564D3D30BB0','9495DCE3-82A6-437C-8296-04AB2C70C3EB'),('286AE8D1-07F8-4161-9A68-0564D3D30BB0','E4F61F84-83F2-431C-B762-B0DFCE50BA73'),('286AE8D1-07F8-4161-9A68-0564D3D30BB0','EEC2D284-27F4-4A14-AFDE-FFBE6E6A42FA'),('286AE8D1-07F8-4161-9A68-0564D3D30BB0','F13A65C7-4481-47E7-9B20-F1FAC13984BD'),('286EBF71-CDD4-465A-9B3D-A20A1F452380','58CBDB3C-8A69-461B-8593-46211E3E678D'),('286EBF71-CDD4-465A-9B3D-A20A1F452380','FDAE2701-E7D4-4348-BB0B-349484D46269'),('3F3B4BE7-7708-4772-BBC7-61E29245F023','78F42FA0-90D9-42C2-9932-A4B7B9E85C49'),('59F1A3A8-221A-4E05-98A5-28F11F125098','3BB4C48B-C220-4300-962B-29A4C994DF30'),('AD1FD1D6-95BE-46DD-B1FC-3008D9BF60C8','F0DF025D-6EFC-4FCF-A089-DA2531F5E65C'),('C5BC7EB1-C95B-4F48-B34C-894B57D000EC','0A037C09-2BA6-46DB-A430-C4E7149193C6'),('C5BC7EB1-C95B-4F48-B34C-894B57D000EC','14721E6E-1571-406E-B72D-7A939736A410'),('C5BC7EB1-C95B-4F48-B34C-894B57D000EC','156B675F-1040-4A06-8871-BB7F1B1079D6'),('C5BC7EB1-C95B-4F48-B34C-894B57D000EC','225F99A4-551F-4739-B76F-07FCF0D4FD38'),('C5BC7EB1-C95B-4F48-B34C-894B57D000EC','234B579B-56BF-4A72-8CA6-5E436A837E45'),('C5BC7EB1-C95B-4F48-B34C-894B57D000EC','286EBF71-CDD4-465A-9B3D-A20A1F452380'),('C5BC7EB1-C95B-4F48-B34C-894B57D000EC','31DA9781-D1DF-4F54-BF19-D78998C7978E'),('C5BC7EB1-C95B-4F48-B34C-894B57D000EC','34C4B95D-8966-4868-A87C-FD9BDB85A35E'),('C5BC7EB1-C95B-4F48-B34C-894B57D000EC','3CE5B303-E4DD-4B1C-8FBF-00159799EE54'),('C5BC7EB1-C95B-4F48-B34C-894B57D000EC','3F3B4BE7-7708-4772-BBC7-61E29245F023'),('C5BC7EB1-C95B-4F48-B34C-894B57D000EC','49233D3B-DDCD-41EC-BD4F-87940F9C8856'),('C5BC7EB1-C95B-4F48-B34C-894B57D000EC','4B2D9543-4F8B-415A-B687-490822FF71D0'),('C5BC7EB1-C95B-4F48-B34C-894B57D000EC','58CBDB3C-8A69-461B-8593-46211E3E678D'),('C5BC7EB1-C95B-4F48-B34C-894B57D000EC','66507AD3-D0C4-4989-BBF6-1C6DE6DFC5F1'),('C5BC7EB1-C95B-4F48-B34C-894B57D000EC','6949DB24-897B-48DE-A2BC-955299511684'),('C5BC7EB1-C95B-4F48-B34C-894B57D000EC','74F31862-5842-40A2-B561-2EE1AE89263F'),('C5BC7EB1-C95B-4F48-B34C-894B57D000EC','78F42FA0-90D9-42C2-9932-A4B7B9E85C49'),('C5BC7EB1-C95B-4F48-B34C-894B57D000EC','85CBBC20-6098-42A7-9793-AA9390ADAF7D'),('C5BC7EB1-C95B-4F48-B34C-894B57D000EC','99C3A500-5338-4E78-8774-8D0DD7FBFB8B'),('C5BC7EB1-C95B-4F48-B34C-894B57D000EC','9F14D51F-A922-477A-9677-C25660E917CA'),('C5BC7EB1-C95B-4F48-B34C-894B57D000EC','AA1BFF14-5292-40BB-B652-3D6D776524A0'),('C5BC7EB1-C95B-4F48-B34C-894B57D000EC','AB4A14BF-2C28-443A-A62E-9D404F12CC70'),('C5BC7EB1-C95B-4F48-B34C-894B57D000EC','B96ECC44-0425-492C-8190-F2D1FF784B4E'),('C5BC7EB1-C95B-4F48-B34C-894B57D000EC','BDDE0205-75AF-4B4F-8639-03140C846437'),('C5BC7EB1-C95B-4F48-B34C-894B57D000EC','C188FB2E-D265-4AF4-8FD2-3AA527C3CF87'),('C5BC7EB1-C95B-4F48-B34C-894B57D000EC','D77C539D-BE6E-4DE9-B62C-7847425BB6F2'),('C5BC7EB1-C95B-4F48-B34C-894B57D000EC','D991C0B9-630E-4CF1-B32B-F135DF6A73A5'),('C5BC7EB1-C95B-4F48-B34C-894B57D000EC','E15CB27C-D814-4F2C-8A67-75DCE315F242'),('C5BC7EB1-C95B-4F48-B34C-894B57D000EC','E24AA09B-20AA-4C0E-A678-E14D49AC3DB4'),('C5BC7EB1-C95B-4F48-B34C-894B57D000EC','E7207B15-682E-4D5F-AD9E-81B292579F83'),('C5BC7EB1-C95B-4F48-B34C-894B57D000EC','E9392342-BE90-40A5-B986-CD92DD236AE7'),('C5BC7EB1-C95B-4F48-B34C-894B57D000EC','EF358A1B-46F0-4B01-AA2B-5282893700EA'),('C5BC7EB1-C95B-4F48-B34C-894B57D000EC','FC733240-5AC6-4492-990D-9D2E1F4BC7E5'),('C5BC7EB1-C95B-4F48-B34C-894B57D000EC','FCF1401F-0467-4897-857E-070EBE76C24E'),('C5BC7EB1-C95B-4F48-B34C-894B57D000EC','FD0E05F4-815E-4A32-A18D-430C6DBE90BA'),('C5BC7EB1-C95B-4F48-B34C-894B57D000EC','FDAE2701-E7D4-4348-BB0B-349484D46269'),('C5BC7EB1-C95B-4F48-B34C-894B57D000EC','FE2091EB-E0B4-4979-A165-2F97DC69696E'),('E24AA09B-20AA-4C0E-A678-E14D49AC3DB4','74F31862-5842-40A2-B561-2EE1AE89263F'),('E7207B15-682E-4D5F-AD9E-81B292579F83','C188FB2E-D265-4AF4-8FD2-3AA527C3CF87'),('E7207B15-682E-4D5F-AD9E-81B292579F83','E15CB27C-D814-4F2C-8A67-75DCE315F242');
/*!40000 ALTER TABLE `COMPOSITE_ROLE` ENABLE KEYS */;
UNLOCK TABLES;

--
-- TABLE STRUCTURE FOR TABLE `CREDENTIAL`
--

DROP TABLE IF EXISTS `CREDENTIAL`;
/*!40101 SET @SAVED_CS_CLIENT     = @@CHARACTER_SET_CLIENT */;
/*!40101 SET CHARACTER_SET_CLIENT = UTF8 */;
CREATE TABLE `CREDENTIAL` (
  `ID` VARCHAR(36) NOT NULL,
  `DEVICE` VARCHAR(255) DEFAULT NULL,
  `HASH_ITERATIONS` INT(11) DEFAULT NULL,
  `SALT` BLOB,
  `TYPE` VARCHAR(255) DEFAULT NULL,
  `VALUE` VARCHAR(4000) DEFAULT NULL,
  `USER_ID` VARCHAR(36) DEFAULT NULL,
  `CREATED_DATE` BIGINT(20) DEFAULT NULL,
  `COUNTER` INT(11) DEFAULT '0',
  `DIGITS` INT(11) DEFAULT '6',
  `PERIOD` INT(11) DEFAULT '30',
  `ALGORITHM` VARCHAR(36),
  PRIMARY KEY (`ID`),
  KEY `IDX_USER_CREDENTIAL` (`USER_ID`),
  CONSTRAINT `FK_PFYR0GLASQYL0DEI3KL69R6V0` FOREIGN KEY (`USER_ID`) REFERENCES `USER_ENTITY` (`ID`)
) ENGINE=INNODB DEFAULT CHARSET=LATIN1;
/*!40101 SET CHARACTER_SET_CLIENT = @SAVED_CS_CLIENT */;

--
-- DUMPING DATA FOR TABLE `CREDENTIAL`
--

LOCK TABLES `CREDENTIAL` WRITE;
/*!40000 ALTER TABLE `CREDENTIAL` DISABLE KEYS */;
INSERT INTO `CREDENTIAL` VALUES ('3839E930-8604-465A-833C-9CEE723CDBAA',NULL,27500,'?K\V\\X\','PASSWORD','2ZLCXPAGD1TFHSMAXRLSMLSCLLK42G3L1DLE4+OXAU4ODWYA1KRFP41BHEV5ZPG/K8LCKIAB9EZOQ6KQNA0NGG==','2AED5D6C-D65A-4FF3-9259-8397B35BF0DA',1522919869253,0,0,0,'PBKDF2-SHA256'),('A6B6167B-2ABE-434C-8405-7748690D096F',NULL,27500,'-\\\	\6','PASSWORD','9KNKS45E8VIN81VGX5FWXSZLD9/GMWXHM9JOWUZFBNPOK4USNU3D8XJOBACBCT55WBLFTQ8FXR8O3WYA85KO3A==','19DF70F3-2E44-4F39-8529-3E66C0E04E22',NULL,0,0,0,'PBKDF2-SHA256');
/*!40000 ALTER TABLE `CREDENTIAL` ENABLE KEYS */;
UNLOCK TABLES;

--
-- TABLE STRUCTURE FOR TABLE `CREDENTIAL_ATTRIBUTE`
--

DROP TABLE IF EXISTS `CREDENTIAL_ATTRIBUTE`;
/*!40101 SET @SAVED_CS_CLIENT     = @@CHARACTER_SET_CLIENT */;
/*!40101 SET CHARACTER_SET_CLIENT = UTF8 */;
CREATE TABLE `CREDENTIAL_ATTRIBUTE` (
  `ID` VARCHAR(36) NOT NULL,
  `CREDENTIAL_ID` VARCHAR(36) NOT NULL,
  `NAME` VARCHAR(255) NOT NULL,
  `VALUE` VARCHAR(4000) DEFAULT NULL,
  PRIMARY KEY (`ID`),
  KEY `IDX_CREDENTIAL_ATTR_CRED` (`CREDENTIAL_ID`),
  CONSTRAINT `FK_CRED_ATTR` FOREIGN KEY (`CREDENTIAL_ID`) REFERENCES `CREDENTIAL` (`ID`)
) ENGINE=INNODB DEFAULT CHARSET=LATIN1;
/*!40101 SET CHARACTER_SET_CLIENT = @SAVED_CS_CLIENT */;

--
-- DUMPING DATA FOR TABLE `CREDENTIAL_ATTRIBUTE`
--

LOCK TABLES `CREDENTIAL_ATTRIBUTE` WRITE;
/*!40000 ALTER TABLE `CREDENTIAL_ATTRIBUTE` DISABLE KEYS */;
/*!40000 ALTER TABLE `CREDENTIAL_ATTRIBUTE` ENABLE KEYS */;
UNLOCK TABLES;

--
-- TABLE STRUCTURE FOR TABLE `DATABASECHANGELOG`
--

DROP TABLE IF EXISTS `DATABASECHANGELOG`;
/*!40101 SET @SAVED_CS_CLIENT     = @@CHARACTER_SET_CLIENT */;
/*!40101 SET CHARACTER_SET_CLIENT = UTF8 */;
CREATE TABLE `DATABASECHANGELOG` (
  `ID` VARCHAR(255) NOT NULL,
  `AUTHOR` VARCHAR(255) NOT NULL,
  `FILENAME` VARCHAR(255) NOT NULL,
  `DATEEXECUTED` DATETIME NOT NULL,
  `ORDEREXECUTED` INT(11) NOT NULL,
  `EXECTYPE` VARCHAR(10) NOT NULL,
  `MD5SUM` VARCHAR(35) DEFAULT NULL,
  `DESCRIPTION` VARCHAR(255) DEFAULT NULL,
  `COMMENTS` VARCHAR(255) DEFAULT NULL,
  `TAG` VARCHAR(255) DEFAULT NULL,
  `LIQUIBASE` VARCHAR(20) DEFAULT NULL,
  `CONTEXTS` VARCHAR(255) DEFAULT NULL,
  `LABELS` VARCHAR(255) DEFAULT NULL
) ENGINE=INNODB DEFAULT CHARSET=LATIN1;
/*!40101 SET CHARACTER_SET_CLIENT = @SAVED_CS_CLIENT */;

--
-- DUMPING DATA FOR TABLE `DATABASECHANGELOG`
--

LOCK TABLES `DATABASECHANGELOG` WRITE;
/*!40000 ALTER TABLE `DATABASECHANGELOG` DISABLE KEYS */;
INSERT INTO `DATABASECHANGELOG` VALUES ('1.0.0.FINAL','STHORGER@REDHAT.COM','META-INF/JPA-CHANGELOG-1.0.0.FINAL.XML','2018-04-02 17:06:43',1,'EXECUTED','7:00A57F7A6FB456639B34E62972E0EC02','CREATETABLE (X29), ADDPRIMARYKEY (X21), ADDUNIQUECONSTRAINT (X9), ADDFOREIGNKEYCONSTRAINT (X32)','',NULL,'3.4.1',NULL,NULL),('1.0.0.FINAL','STHORGER@REDHAT.COM','META-INF/DB2-JPA-CHANGELOG-1.0.0.FINAL.XML','2018-04-02 17:06:43',2,'MARK_RAN','7:F061C3934594EE60A9B2343F5100AE4E','CREATETABLE (X29), ADDPRIMARYKEY (X21), ADDUNIQUECONSTRAINT (X6), ADDFOREIGNKEYCONSTRAINT (X30)','',NULL,'3.4.1',NULL,NULL),('1.1.0.BETA1','STHORGER@REDHAT.COM','META-INF/JPA-CHANGELOG-1.1.0.BETA1.XML','2018-04-02 17:06:52',3,'EXECUTED','7:0310EB8BA07CEC616460794D42ADE0FA','DELETE (X3), CREATETABLE (X3), ADDCOLUMN (X5), ADDPRIMARYKEY (X3), ADDFOREIGNKEYCONSTRAINT (X3), CUSTOMCHANGE','',NULL,'3.4.1',NULL,NULL),('1.1.0.FINAL','STHORGER@REDHAT.COM','META-INF/JPA-CHANGELOG-1.1.0.FINAL.XML','2018-04-02 17:06:52',4,'EXECUTED','7:5D25857E708C3233EF4439DF1F93F012','RENAMECOLUMN','',NULL,'3.4.1',NULL,NULL),('1.2.0.BETA1','PSILVA@REDHAT.COM','META-INF/JPA-CHANGELOG-1.2.0.BETA1.XML','2018-04-02 17:07:16',5,'EXECUTED','7:C7A54A1041D58EB3817A4A883B4D4E84','DELETE (X4), CREATETABLE (X8), ADDCOLUMN (X2), ADDPRIMARYKEY (X6), ADDFOREIGNKEYCONSTRAINT (X9), ADDUNIQUECONSTRAINT (X2), ADDCOLUMN, DROPFOREIGNKEYCONSTRAINT (X2), DROPUNIQUECONSTRAINT, RENAMECOLUMN (X3), ADDUNIQUECONSTRAINT, ADDFOREIGNKEYCONSTRA...','',NULL,'3.4.1',NULL,NULL),('1.2.0.BETA1','PSILVA@REDHAT.COM','META-INF/DB2-JPA-CHANGELOG-1.2.0.BETA1.XML','2018-04-02 17:07:16',6,'MARK_RAN','7:2E01012DF20974C1C2A605EF8AFE25B7','DELETE (X4), CREATETABLE (X8), ADDCOLUMN (X2), ADDPRIMARYKEY (X6), ADDFOREIGNKEYCONSTRAINT (X9), ADDUNIQUECONSTRAINT (X2), ADDCOLUMN, DROPFOREIGNKEYCONSTRAINT (X2), DROPUNIQUECONSTRAINT, RENAMECOLUMN (X3), CUSTOMCHANGE, DROPFOREIGNKEYCONSTRAINT, D...','',NULL,'3.4.1',NULL,NULL),('1.2.0.RC1','BBURKE@REDHAT.COM','META-INF/JPA-CHANGELOG-1.2.0.CR1.XML','2018-04-02 17:07:40',7,'EXECUTED','7:0F08DF48468428E0F30EE59A8EC01A41','DELETE (X5), CREATETABLE (X3), ADDCOLUMN, CREATETABLE (X4), ADDPRIMARYKEY (X7), ADDFOREIGNKEYCONSTRAINT (X6), RENAMECOLUMN, ADDCOLUMN (X2), UPDATE, DROPCOLUMN, DROPFOREIGNKEYCONSTRAINT, RENAMECOLUMN, ADDFOREIGNKEYCONSTRAINT, DROPFOREIGNKEYCONSTRAI...','',NULL,'3.4.1',NULL,NULL),('1.2.0.RC1','BBURKE@REDHAT.COM','META-INF/DB2-JPA-CHANGELOG-1.2.0.CR1.XML','2018-04-02 17:07:40',8,'MARK_RAN','7:A77EA2AD226B345E7D689D366F185C8C','DELETE (X5), CREATETABLE (X3), ADDCOLUMN, CREATETABLE (X4), ADDPRIMARYKEY (X7), ADDFOREIGNKEYCONSTRAINT (X6), RENAMECOLUMN, ADDUNIQUECONSTRAINT, ADDCOLUMN (X2), UPDATE, DROPCOLUMN, DROPFOREIGNKEYCONSTRAINT, RENAMECOLUMN, ADDFOREIGNKEYCONSTRAINT, R...','',NULL,'3.4.1',NULL,NULL),('1.2.0.FINAL','KEYCLOAK','META-INF/JPA-CHANGELOG-1.2.0.FINAL.XML','2018-04-02 17:07:40',9,'EXECUTED','7:A3377A2059AEFBF3B90EBB4C4CC8E2AB','UPDATE (X3)','',NULL,'3.4.1',NULL,NULL),('1.3.0','BBURKE@REDHAT.COM','META-INF/JPA-CHANGELOG-1.3.0.XML','2018-04-02 17:08:05',10,'EXECUTED','7:04C1DBEDC2AA3E9756D1A1668E003451','DELETE (X6), CREATETABLE (X7), ADDCOLUMN, CREATETABLE, ADDCOLUMN (X2), UPDATE, DROPDEFAULTVALUE, DROPCOLUMN, ADDCOLUMN, UPDATE (X4), ADDPRIMARYKEY (X4), DROPPRIMARYKEY, DROPCOLUMN, ADDPRIMARYKEY (X4), ADDFOREIGNKEYCONSTRAINT (X8), DROPDEFAULTVALUE...','',NULL,'3.4.1',NULL,NULL),('1.4.0','BBURKE@REDHAT.COM','META-INF/JPA-CHANGELOG-1.4.0.XML','2018-04-02 17:08:15',11,'EXECUTED','7:36EF39ED560AD07062D956DB861042BA','DELETE (X7), ADDCOLUMN (X5), DROPCOLUMN, RENAMETABLE (X2), UPDATE (X10), CREATETABLE (X3), CUSTOMCHANGE, DROPPRIMARYKEY, ADDPRIMARYKEY (X4), ADDFOREIGNKEYCONSTRAINT (X2), DROPCOLUMN, ADDCOLUMN','',NULL,'3.4.1',NULL,NULL),('1.4.0','BBURKE@REDHAT.COM','META-INF/DB2-JPA-CHANGELOG-1.4.0.XML','2018-04-02 17:08:15',12,'MARK_RAN','7:D909180B2530479A716D3F9C9EAEA3D7','DELETE (X7), ADDCOLUMN (X5), DROPCOLUMN, RENAMETABLE, DROPFOREIGNKEYCONSTRAINT, RENAMETABLE, ADDFOREIGNKEYCONSTRAINT, UPDATE (X10), CREATETABLE (X3), CUSTOMCHANGE, DROPPRIMARYKEY, ADDPRIMARYKEY (X4), ADDFOREIGNKEYCONSTRAINT (X2), DROPCOLUMN, ADDCO...','',NULL,'3.4.1',NULL,NULL),('1.5.0','BBURKE@REDHAT.COM','META-INF/JPA-CHANGELOG-1.5.0.XML','2018-04-02 17:08:18',13,'EXECUTED','7:CF12B04B79BEA5152F165EB41F3955F6','DELETE (X7), DROPDEFAULTVALUE, DROPCOLUMN, ADDCOLUMN (X3)','',NULL,'3.4.1',NULL,NULL),('1.6.1_FROM15','MPOSOLDA@REDHAT.COM','META-INF/JPA-CHANGELOG-1.6.1.XML','2018-04-02 17:08:21',14,'EXECUTED','7:7E32C8F05C755E8675764E7D5F514509','ADDCOLUMN (X3), CREATETABLE (X2), ADDPRIMARYKEY (X2)','',NULL,'3.4.1',NULL,NULL),('1.6.1_FROM16-PRE','MPOSOLDA@REDHAT.COM','META-INF/JPA-CHANGELOG-1.6.1.XML','2018-04-02 17:08:21',15,'MARK_RAN','7:980BA23CC0EC39CAB731CE903DD01291','DELETE (X2)','',NULL,'3.4.1',NULL,NULL),('1.6.1_FROM16','MPOSOLDA@REDHAT.COM','META-INF/JPA-CHANGELOG-1.6.1.XML','2018-04-02 17:08:22',16,'MARK_RAN','7:2FA220758991285312EB84F3B4FF5336','DROPPRIMARYKEY (X2), ADDCOLUMN, UPDATE, DROPCOLUMN, ADDCOLUMN, UPDATE, DROPCOLUMN, ADDPRIMARYKEY (X2)','',NULL,'3.4.1',NULL,NULL),('1.6.1','MPOSOLDA@REDHAT.COM','META-INF/JPA-CHANGELOG-1.6.1.XML','2018-04-02 17:08:22',17,'EXECUTED','7:D41D8CD98F00B204E9800998ECF8427E','EMPTY','',NULL,'3.4.1',NULL,NULL),('1.7.0','BBURKE@REDHAT.COM','META-INF/JPA-CHANGELOG-1.7.0.XML','2018-04-02 17:08:35',18,'EXECUTED','7:91ACE540896DF890CC00A0490EE52BBC','CREATETABLE (X5), ADDCOLUMN (X2), DROPDEFAULTVALUE, DROPCOLUMN, ADDPRIMARYKEY, ADDFOREIGNKEYCONSTRAINT, ADDPRIMARYKEY, ADDFOREIGNKEYCONSTRAINT, ADDPRIMARYKEY, ADDFOREIGNKEYCONSTRAINT, ADDPRIMARYKEY, ADDFOREIGNKEYCONSTRAINT (X2), ADDUNIQUECONSTRAIN...','',NULL,'3.4.1',NULL,NULL),('1.8.0','MPOSOLDA@REDHAT.COM','META-INF/JPA-CHANGELOG-1.8.0.XML','2018-04-02 17:08:47',19,'EXECUTED','7:C31D1646DFA2618A9335C00E07F89F24','ADDCOLUMN, CREATETABLE (X3), DROPNOTNULLCONSTRAINT, ADDCOLUMN (X2), CREATETABLE, ADDPRIMARYKEY, ADDUNIQUECONSTRAINT, ADDFOREIGNKEYCONSTRAINT (X5), ADDPRIMARYKEY, ADDFOREIGNKEYCONSTRAINT (X2), ADDPRIMARYKEY, ADDFOREIGNKEYCONSTRAINT, UPDATE','',NULL,'3.4.1',NULL,NULL),('1.8.0-2','KEYCLOAK','META-INF/JPA-CHANGELOG-1.8.0.XML','2018-04-02 17:08:47',20,'EXECUTED','7:DF8BC21027A4F7CBBB01F6344E89CE07','DROPDEFAULTVALUE, UPDATE','',NULL,'3.4.1',NULL,NULL),('1.8.0','MPOSOLDA@REDHAT.COM','META-INF/DB2-JPA-CHANGELOG-1.8.0.XML','2018-04-02 17:08:47',21,'MARK_RAN','7:F987971FE6B37D963BC95FEE2B27F8DF','ADDCOLUMN, CREATETABLE (X3), DROPNOTNULLCONSTRAINT, ADDCOLUMN (X2), CREATETABLE, ADDPRIMARYKEY, ADDUNIQUECONSTRAINT, ADDFOREIGNKEYCONSTRAINT (X5), ADDPRIMARYKEY, ADDFOREIGNKEYCONSTRAINT (X2), ADDPRIMARYKEY, ADDFOREIGNKEYCONSTRAINT, UPDATE','',NULL,'3.4.1',NULL,NULL),('1.8.0-2','KEYCLOAK','META-INF/DB2-JPA-CHANGELOG-1.8.0.XML','2018-04-02 17:08:47',22,'MARK_RAN','7:DF8BC21027A4F7CBBB01F6344E89CE07','DROPDEFAULTVALUE, UPDATE','',NULL,'3.4.1',NULL,NULL),('1.9.0','MPOSOLDA@REDHAT.COM','META-INF/JPA-CHANGELOG-1.9.0.XML','2018-04-02 17:08:50',23,'EXECUTED','7:ED2DC7F799D19AC452CBCDA56C929E47','UPDATE (X9), CUSTOMCHANGE, DROPFOREIGNKEYCONSTRAINT (X2), DROPUNIQUECONSTRAINT, DROPTABLE, DROPFOREIGNKEYCONSTRAINT (X2), DROPTABLE, DROPFOREIGNKEYCONSTRAINT (X2), DROPUNIQUECONSTRAINT, DROPTABLE, CREATEINDEX','',NULL,'3.4.1',NULL,NULL),('1.9.1','KEYCLOAK','META-INF/JPA-CHANGELOG-1.9.1.XML','2018-04-02 17:08:51',24,'EXECUTED','7:80B5DB88A5DDA36ECE5F235BE8757615','MODIFYDATATYPE (X3)','',NULL,'3.4.1',NULL,NULL),('1.9.1','KEYCLOAK','META-INF/DB2-JPA-CHANGELOG-1.9.1.XML','2018-04-02 17:08:51',25,'MARK_RAN','7:1437310ED1305A9B93F8848F301726CE','MODIFYDATATYPE (X2)','',NULL,'3.4.1',NULL,NULL),('1.9.2','KEYCLOAK','META-INF/JPA-CHANGELOG-1.9.2.XML','2018-04-02 17:08:54',26,'EXECUTED','7:B82FFB34850FA0836BE16DEEFC6A87C4','CREATEINDEX (X11)','',NULL,'3.4.1',NULL,NULL),('AUTHZ-2.0.0','PSILVA@REDHAT.COM','META-INF/JPA-CHANGELOG-AUTHZ-2.0.0.XML','2018-04-02 17:09:14',27,'EXECUTED','7:9CC98082921330D8D9266DECDD4BD658','CREATETABLE, ADDPRIMARYKEY, ADDUNIQUECONSTRAINT, CREATETABLE, ADDPRIMARYKEY, ADDFOREIGNKEYCONSTRAINT, ADDUNIQUECONSTRAINT, CREATETABLE, ADDPRIMARYKEY, ADDFOREIGNKEYCONSTRAINT, ADDUNIQUECONSTRAINT, CREATETABLE, ADDPRIMARYKEY, ADDFOREIGNKEYCONSTRAIN...','',NULL,'3.4.1',NULL,NULL),('AUTHZ-2.5.1','PSILVA@REDHAT.COM','META-INF/JPA-CHANGELOG-AUTHZ-2.5.1.XML','2018-04-02 17:09:14',28,'EXECUTED','7:03D64AEED9CB52B969BD30A7AC0DB57E','UPDATE','',NULL,'3.4.1',NULL,NULL),('2.1.0','BBURKE@REDHAT.COM','META-INF/JPA-CHANGELOG-2.1.0.XML','2018-04-02 17:09:26',29,'EXECUTED','7:E01599A82BF8D6DC22A9DA506E22E868','CREATETABLE (X11), ADDPRIMARYKEY (X11), ADDFOREIGNKEYCONSTRAINT (X2)','',NULL,'3.4.1',NULL,NULL),('2.2.0','BBURKE@REDHAT.COM','META-INF/JPA-CHANGELOG-2.2.0.XML','2018-04-02 17:09:30',30,'EXECUTED','7:53188C3EB1107546E6F765835705B6C1','ADDCOLUMN, CREATETABLE (X2), MODIFYDATATYPE, ADDFOREIGNKEYCONSTRAINT (X2)','',NULL,'3.4.1',NULL,NULL),('2.3.0','BBURKE@REDHAT.COM','META-INF/JPA-CHANGELOG-2.3.0.XML','2018-04-02 17:09:36',31,'EXECUTED','7:D6E6F3BC57A0C5586737D1351725D4D4','CREATETABLE, ADDPRIMARYKEY, DROPDEFAULTVALUE, DROPCOLUMN, ADDCOLUMN (X2), CUSTOMCHANGE, DROPCOLUMN (X4), ADDCOLUMN','',NULL,'3.4.1',NULL,NULL),('2.4.0','BBURKE@REDHAT.COM','META-INF/JPA-CHANGELOG-2.4.0.XML','2018-04-02 17:09:36',32,'EXECUTED','7:454D604FBD755D9DF3FD9C6329043AA5','CUSTOMCHANGE','',NULL,'3.4.1',NULL,NULL),('2.5.0','BBURKE@REDHAT.COM','META-INF/JPA-CHANGELOG-2.5.0.XML','2018-04-02 17:09:36',33,'EXECUTED','7:57E98A3077E29CAF562F7DBF80C72600','CUSTOMCHANGE, MODIFYDATATYPE','',NULL,'3.4.1',NULL,NULL),('2.5.0-UNICODE-ORACLE','HMLNARIK@REDHAT.COM','META-INF/JPA-CHANGELOG-2.5.0.XML','2018-04-02 17:09:36',34,'MARK_RAN','7:E4C7E8F2256210AEE71DDC42F538B57A','MODIFYDATATYPE (X13), ADDCOLUMN, SQL, DROPCOLUMN, RENAMECOLUMN, MODIFYDATATYPE (X2)','',NULL,'3.4.1',NULL,NULL),('2.5.0-UNICODE-OTHER-DBS','HMLNARIK@REDHAT.COM','META-INF/JPA-CHANGELOG-2.5.0.XML','2018-04-02 17:09:51',35,'EXECUTED','7:09A43C97E49BC626460480AA1379B522','MODIFYDATATYPE (X5), DROPUNIQUECONSTRAINT, MODIFYDATATYPE (X3), ADDUNIQUECONSTRAINT, DROPPRIMARYKEY, MODIFYDATATYPE, ADDNOTNULLCONSTRAINT, ADDPRIMARYKEY, MODIFYDATATYPE (X5), DROPUNIQUECONSTRAINT, MODIFYDATATYPE, ADDUNIQUECONSTRAINT, MODIFYDATATYPE','',NULL,'3.4.1',NULL,NULL),('2.5.0-DUPLICATE-EMAIL-SUPPORT','SLAWOMIR@DABEK.NAME','META-INF/JPA-CHANGELOG-2.5.0.XML','2018-04-02 17:09:51',36,'EXECUTED','7:26BFC7C74FEFA9126F2CE702FB775553','ADDCOLUMN','',NULL,'3.4.1',NULL,NULL),('2.5.0-UNIQUE-GROUP-NAMES','HMLNARIK@REDHAT.COM','META-INF/JPA-CHANGELOG-2.5.0.XML','2018-04-02 17:09:52',37,'EXECUTED','7:A161E2AE671A9020FFF61E996A207377','ADDUNIQUECONSTRAINT','',NULL,'3.4.1',NULL,NULL),('2.5.1','BBURKE@REDHAT.COM','META-INF/JPA-CHANGELOG-2.5.1.XML','2018-04-02 17:09:52',38,'EXECUTED','7:37FC1781855AC5388C494F1442B3F717','ADDCOLUMN','',NULL,'3.4.1',NULL,NULL),('3.0.0','BBURKE@REDHAT.COM','META-INF/JPA-CHANGELOG-3.0.0.XML','2018-04-02 17:09:53',39,'EXECUTED','7:13A27DB0DAE6049541136ADAD7261D27','ADDCOLUMN','',NULL,'3.4.1',NULL,NULL),('3.2.0-FIX','KEYCLOAK','META-INF/JPA-CHANGELOG-3.2.0.XML','2018-04-02 17:09:53',40,'MARK_RAN','7:550300617E3B59E8AF3A6294DF8248A3','ADDNOTNULLCONSTRAINT','',NULL,'3.4.1',NULL,NULL),('3.2.0-FIX-WITH-KEYCLOAK-5416','KEYCLOAK','META-INF/JPA-CHANGELOG-3.2.0.XML','2018-04-02 17:09:53',41,'MARK_RAN','7:E3A9482B8931481DC2772A5C07C44F17','DROPINDEX, ADDNOTNULLCONSTRAINT, CREATEINDEX','',NULL,'3.4.1',NULL,NULL),('3.2.0-FIXED','KEYCLOAK','META-INF/JPA-CHANGELOG-3.2.0.XML','2018-04-02 17:10:27',42,'EXECUTED','7:A72A7858967BD414835D19E04D880312','ADDCOLUMN, DROPPRIMARYKEY, DROPCOLUMN, ADDPRIMARYKEY, CREATETABLE, ADDPRIMARYKEY, ADDFOREIGNKEYCONSTRAINT, CREATEINDEX (X45)','',NULL,'3.4.1',NULL,NULL),('3.3.0','KEYCLOAK','META-INF/JPA-CHANGELOG-3.3.0.XML','2018-04-02 17:10:28',43,'EXECUTED','7:94EDFF7CF9CE179E7E85F0CD78A3CF2C','ADDCOLUMN','',NULL,'3.4.1',NULL,NULL),('AUTHZ-3.4.0.CR1-RESOURCE-SERVER-PK-CHANGE-PART1','GLAVOIE@GMAIL.COM','META-INF/JPA-CHANGELOG-AUTHZ-3.4.0.CR1.XML','2018-04-02 17:10:30',44,'EXECUTED','7:6A48CE645A3525488A90FBF76ADF3BB3','ADDCOLUMN (X3)','',NULL,'3.4.1',NULL,NULL),('AUTHZ-3.4.0.CR1-RESOURCE-SERVER-PK-CHANGE-PART2-KEYCLOAK-6095','HMLNARIK@REDHAT.COM','META-INF/JPA-CHANGELOG-AUTHZ-3.4.0.CR1.XML','2018-04-02 17:10:30',45,'EXECUTED','7:E64B5DCEA7DB06077C6E57D3B9E5CA14','CUSTOMCHANGE','',NULL,'3.4.1',NULL,NULL),('AUTHZ-3.4.0.CR1-RESOURCE-SERVER-PK-CHANGE-PART3-FIXED','GLAVOIE@GMAIL.COM','META-INF/JPA-CHANGELOG-AUTHZ-3.4.0.CR1.XML','2018-04-02 17:10:30',46,'MARK_RAN','7:FD8CF02498F8B1E72496A20AFC75178C','DROPINDEX (X3)','',NULL,'3.4.1',NULL,NULL),('AUTHZ-3.4.0.CR1-RESOURCE-SERVER-PK-CHANGE-PART3-FIXED-NODROPINDEX','GLAVOIE@GMAIL.COM','META-INF/JPA-CHANGELOG-AUTHZ-3.4.0.CR1.XML','2018-04-02 17:10:43',47,'EXECUTED','7:542794F25AA2B1FBABB7E577D6646319','ADDNOTNULLCONSTRAINT (X3), DROPUNIQUECONSTRAINT (X3), DROPFOREIGNKEYCONSTRAINT, DROPCOLUMN, DROPFOREIGNKEYCONSTRAINT, DROPCOLUMN, DROPFOREIGNKEYCONSTRAINT, DROPCOLUMN, DROPPRIMARYKEY, DROPUNIQUECONSTRAINT, DROPCOLUMN, RENAMECOLUMN (X4), ADDUNIQUEC...','',NULL,'3.4.1',NULL,NULL),('AUTHN-3.4.0.CR1-REFRESH-TOKEN-MAX-REUSE','GLAVOIE@GMAIL.COM','META-INF/JPA-CHANGELOG-AUTHZ-3.4.0.CR1.XML','2018-04-02 17:10:44',48,'EXECUTED','7:EDAD604C882DF12F74941DAC3CC6D650','ADDCOLUMN','',NULL,'3.4.1',NULL,NULL),('3.4.0','KEYCLOAK','META-INF/JPA-CHANGELOG-3.4.0.XML','2018-04-02 17:10:56',49,'EXECUTED','7:0F88B78B7B46480EB92690CBF5E44900','ADDPRIMARYKEY (X7), DROPFOREIGNKEYCONSTRAINT, ADDPRIMARYKEY, ADDFOREIGNKEYCONSTRAINT, ADDNOTNULLCONSTRAINT, ADDPRIMARYKEY, ADDNOTNULLCONSTRAINT, ADDPRIMARYKEY, ADDNOTNULLCONSTRAINT, ADDPRIMARYKEY, ADDNOTNULLCONSTRAINT, ADDPRIMARYKEY, ADDNOTNULLCON...','',NULL,'3.4.1',NULL,NULL),('3.4.0-KEYCLOAK-5230','HMLNARIK@REDHAT.COM','META-INF/JPA-CHANGELOG-3.4.0.XML','2018-04-02 17:10:59',50,'EXECUTED','7:D560E43982611D936457C327F872DD59','CREATEINDEX (X11)','',NULL,'3.4.1',NULL,NULL),('3.4.1','PSILVA@REDHAT.COM','META-INF/JPA-CHANGELOG-3.4.1.XML','2018-04-02 17:10:59',51,'EXECUTED','7:C155566C42B4D14EF07059EC3B3BBD8E','MODIFYDATATYPE','',NULL,'3.4.1',NULL,NULL),('3.4.2','KEYCLOAK','META-INF/JPA-CHANGELOG-3.4.2.XML','2018-04-02 17:10:59',52,'EXECUTED','7:B40376581F12D70F3C89BA8DDF5B7DEA','UPDATE','',NULL,'3.4.1',NULL,NULL),('3.4.2-KEYCLOAK-5172','MKANIS@REDHAT.COM','META-INF/JPA-CHANGELOG-3.4.2.XML','2018-04-02 17:10:59',53,'EXECUTED','7:A1132CC395F7B95B3646146C2E38F168','UPDATE','',NULL,'3.4.1',NULL,NULL),('4.0.0-KEYCLOAK-6335','BBURKE@REDHAT.COM','META-INF/JPA-CHANGELOG-4.0.0.XML','2018-04-02 17:11:00',54,'EXECUTED','7:D8DC5D89C789105CFA7CA0E82CBA60AF','CREATETABLE, ADDPRIMARYKEY','',NULL,'3.4.1',NULL,NULL),('4.0.0-CLEANUP-UNUSED-TABLE','BBURKE@REDHAT.COM','META-INF/JPA-CHANGELOG-4.0.0.XML','2018-04-02 17:11:01',55,'EXECUTED','7:7822E0165097182E8F653C35517656A3','DROPTABLE','',NULL,'3.4.1',NULL,NULL),('4.0.0-KEYCLOAK-6228','BBURKE@REDHAT.COM','META-INF/JPA-CHANGELOG-4.0.0.XML','2018-04-02 17:12:25',56,'EXECUTED','7:C6538C29B9C9A08F9E9EA2DE5C2B6375','DROPUNIQUECONSTRAINT, DROPNOTNULLCONSTRAINT, ADDCOLUMN, ADDUNIQUECONSTRAINT, ADDCOLUMN, DROPNOTNULLCONSTRAINT, CREATEINDEX, ADDCOLUMN, UPDATE (X2), DROPPRIMARYKEY, ADDPRIMARYKEY','',NULL,'3.4.1',NULL,NULL),('AUTHZ-4.0.0.CR1','PSILVA@REDHAT.COM','META-INF/JPA-CHANGELOG-AUTHZ-4.0.0.CR1.XML','2018-04-02 17:12:32',57,'EXECUTED','7:F72C97037BDB11C6C399E1D14BA2BC65','CREATETABLE, ADDPRIMARYKEY, ADDFOREIGNKEYCONSTRAINT (X3), ADDUNIQUECONSTRAINT, ADDCOLUMN (X4)','',NULL,'3.4.1',NULL,NULL);
/*!40000 ALTER TABLE `DATABASECHANGELOG` ENABLE KEYS */;
UNLOCK TABLES;

--
-- TABLE STRUCTURE FOR TABLE `DATABASECHANGELOGLOCK`
--

DROP TABLE IF EXISTS `DATABASECHANGELOGLOCK`;
/*!40101 SET @SAVED_CS_CLIENT     = @@CHARACTER_SET_CLIENT */;
/*!40101 SET CHARACTER_SET_CLIENT = UTF8 */;
CREATE TABLE `DATABASECHANGELOGLOCK` (
  `ID` INT(11) NOT NULL,
  `LOCKED` BIT(1) NOT NULL,
  `LOCKGRANTED` DATETIME DEFAULT NULL,
  `LOCKEDBY` VARCHAR(255) DEFAULT NULL,
  PRIMARY KEY (`ID`)
) ENGINE=INNODB DEFAULT CHARSET=LATIN1;
/*!40101 SET CHARACTER_SET_CLIENT = @SAVED_CS_CLIENT */;

--
-- DUMPING DATA FOR TABLE `DATABASECHANGELOGLOCK`
--

LOCK TABLES `DATABASECHANGELOGLOCK` WRITE;
/*!40000 ALTER TABLE `DATABASECHANGELOGLOCK` DISABLE KEYS */;
INSERT INTO `DATABASECHANGELOGLOCK` VALUES (1,'\0',NULL,NULL);
/*!40000 ALTER TABLE `DATABASECHANGELOGLOCK` ENABLE KEYS */;
UNLOCK TABLES;

--
-- TABLE STRUCTURE FOR TABLE `EVENT_ENTITY`
--

DROP TABLE IF EXISTS `EVENT_ENTITY`;
/*!40101 SET @SAVED_CS_CLIENT     = @@CHARACTER_SET_CLIENT */;
/*!40101 SET CHARACTER_SET_CLIENT = UTF8 */;
CREATE TABLE `EVENT_ENTITY` (
  `ID` VARCHAR(36) NOT NULL,
  `CLIENT_ID` VARCHAR(255) DEFAULT NULL,
  `DETAILS_JSON` VARCHAR(2550) DEFAULT NULL,
  `ERROR` VARCHAR(255) DEFAULT NULL,
  `IP_ADDRESS` VARCHAR(255) DEFAULT NULL,
  `REALM_ID` VARCHAR(255) DEFAULT NULL,
  `SESSION_ID` VARCHAR(255) DEFAULT NULL,
  `EVENT_TIME` BIGINT(20) DEFAULT NULL,
  `TYPE` VARCHAR(255) DEFAULT NULL,
  `USER_ID` VARCHAR(255) DEFAULT NULL,
  PRIMARY KEY (`ID`)
) ENGINE=INNODB DEFAULT CHARSET=LATIN1;
/*!40101 SET CHARACTER_SET_CLIENT = @SAVED_CS_CLIENT */;

--
-- DUMPING DATA FOR TABLE `EVENT_ENTITY`
--

LOCK TABLES `EVENT_ENTITY` WRITE;
/*!40000 ALTER TABLE `EVENT_ENTITY` DISABLE KEYS */;
/*!40000 ALTER TABLE `EVENT_ENTITY` ENABLE KEYS */;
UNLOCK TABLES;

--
-- TABLE STRUCTURE FOR TABLE `FED_CREDENTIAL_ATTRIBUTE`
--

DROP TABLE IF EXISTS `FED_CREDENTIAL_ATTRIBUTE`;
/*!40101 SET @SAVED_CS_CLIENT     = @@CHARACTER_SET_CLIENT */;
/*!40101 SET CHARACTER_SET_CLIENT = UTF8 */;
CREATE TABLE `FED_CREDENTIAL_ATTRIBUTE` (
  `ID` VARCHAR(36) NOT NULL,
  `CREDENTIAL_ID` VARCHAR(36) NOT NULL,
  `NAME` VARCHAR(255) NOT NULL,
  `VALUE` VARCHAR(4000) DEFAULT NULL,
  PRIMARY KEY (`ID`),
  KEY `IDX_FED_CRED_ATTR_CRED` (`CREDENTIAL_ID`),
  CONSTRAINT `FK_FED_CRED_ATTR` FOREIGN KEY (`CREDENTIAL_ID`) REFERENCES `FED_USER_CREDENTIAL` (`ID`)
) ENGINE=INNODB DEFAULT CHARSET=LATIN1;
/*!40101 SET CHARACTER_SET_CLIENT = @SAVED_CS_CLIENT */;

--
-- DUMPING DATA FOR TABLE `FED_CREDENTIAL_ATTRIBUTE`
--

LOCK TABLES `FED_CREDENTIAL_ATTRIBUTE` WRITE;
/*!40000 ALTER TABLE `FED_CREDENTIAL_ATTRIBUTE` DISABLE KEYS */;
/*!40000 ALTER TABLE `FED_CREDENTIAL_ATTRIBUTE` ENABLE KEYS */;
UNLOCK TABLES;

--
-- TABLE STRUCTURE FOR TABLE `FED_USER_ATTRIBUTE`
--

DROP TABLE IF EXISTS `FED_USER_ATTRIBUTE`;
/*!40101 SET @SAVED_CS_CLIENT     = @@CHARACTER_SET_CLIENT */;
/*!40101 SET CHARACTER_SET_CLIENT = UTF8 */;
CREATE TABLE `FED_USER_ATTRIBUTE` (
  `ID` VARCHAR(36) NOT NULL,
  `NAME` VARCHAR(255) NOT NULL,
  `USER_ID` VARCHAR(255) NOT NULL,
  `REALM_ID` VARCHAR(36) NOT NULL,
  `STORAGE_PROVIDER_ID` VARCHAR(36) DEFAULT NULL,
  `VALUE` VARCHAR(2024) DEFAULT NULL,
  PRIMARY KEY (`ID`),
  KEY `IDX_FU_ATTRIBUTE` (`USER_ID`,`REALM_ID`,`NAME`)
) ENGINE=INNODB DEFAULT CHARSET=LATIN1;
/*!40101 SET CHARACTER_SET_CLIENT = @SAVED_CS_CLIENT */;

--
-- DUMPING DATA FOR TABLE `FED_USER_ATTRIBUTE`
--

LOCK TABLES `FED_USER_ATTRIBUTE` WRITE;
/*!40000 ALTER TABLE `FED_USER_ATTRIBUTE` DISABLE KEYS */;
/*!40000 ALTER TABLE `FED_USER_ATTRIBUTE` ENABLE KEYS */;
UNLOCK TABLES;

--
-- TABLE STRUCTURE FOR TABLE `FED_USER_CONSENT`
--

DROP TABLE IF EXISTS `FED_USER_CONSENT`;
/*!40101 SET @SAVED_CS_CLIENT     = @@CHARACTER_SET_CLIENT */;
/*!40101 SET CHARACTER_SET_CLIENT = UTF8 */;
CREATE TABLE `FED_USER_CONSENT` (
  `ID` VARCHAR(36) NOT NULL,
  `CLIENT_ID` VARCHAR(36) DEFAULT NULL,
  `USER_ID` VARCHAR(255) NOT NULL,
  `REALM_ID` VARCHAR(36) NOT NULL,
  `STORAGE_PROVIDER_ID` VARCHAR(36) DEFAULT NULL,
  `CREATED_DATE` BIGINT(20) DEFAULT NULL,
  `LAST_UPDATED_DATE` BIGINT(20) DEFAULT NULL,
  `CLIENT_STORAGE_PROVIDER` VARCHAR(36) DEFAULT NULL,
  `EXTERNAL_CLIENT_ID` VARCHAR(255) DEFAULT NULL,
  PRIMARY KEY (`ID`),
  KEY `IDX_FU_CONSENT` (`USER_ID`,`CLIENT_ID`),
  KEY `IDX_FU_CONSENT_RU` (`REALM_ID`,`USER_ID`),
  KEY `IDX_FU_CNSNT_EXT` (`USER_ID`,`CLIENT_STORAGE_PROVIDER`,`EXTERNAL_CLIENT_ID`)
) ENGINE=INNODB DEFAULT CHARSET=LATIN1;
/*!40101 SET CHARACTER_SET_CLIENT = @SAVED_CS_CLIENT */;

--
-- DUMPING DATA FOR TABLE `FED_USER_CONSENT`
--

LOCK TABLES `FED_USER_CONSENT` WRITE;
/*!40000 ALTER TABLE `FED_USER_CONSENT` DISABLE KEYS */;
/*!40000 ALTER TABLE `FED_USER_CONSENT` ENABLE KEYS */;
UNLOCK TABLES;

--
-- TABLE STRUCTURE FOR TABLE `FED_USER_CONSENT_PROT_MAPPER`
--

DROP TABLE IF EXISTS `FED_USER_CONSENT_PROT_MAPPER`;
/*!40101 SET @SAVED_CS_CLIENT     = @@CHARACTER_SET_CLIENT */;
/*!40101 SET CHARACTER_SET_CLIENT = UTF8 */;
CREATE TABLE `FED_USER_CONSENT_PROT_MAPPER` (
  `USER_CONSENT_ID` VARCHAR(36) NOT NULL,
  `PROTOCOL_MAPPER_ID` VARCHAR(36) NOT NULL,
  PRIMARY KEY (`USER_CONSENT_ID`,`PROTOCOL_MAPPER_ID`)
) ENGINE=INNODB DEFAULT CHARSET=LATIN1;
/*!40101 SET CHARACTER_SET_CLIENT = @SAVED_CS_CLIENT */;

--
-- DUMPING DATA FOR TABLE `FED_USER_CONSENT_PROT_MAPPER`
--

LOCK TABLES `FED_USER_CONSENT_PROT_MAPPER` WRITE;
/*!40000 ALTER TABLE `FED_USER_CONSENT_PROT_MAPPER` DISABLE KEYS */;
/*!40000 ALTER TABLE `FED_USER_CONSENT_PROT_MAPPER` ENABLE KEYS */;
UNLOCK TABLES;

--
-- TABLE STRUCTURE FOR TABLE `FED_USER_CONSENT_ROLE`
--

DROP TABLE IF EXISTS `FED_USER_CONSENT_ROLE`;
/*!40101 SET @SAVED_CS_CLIENT     = @@CHARACTER_SET_CLIENT */;
/*!40101 SET CHARACTER_SET_CLIENT = UTF8 */;
CREATE TABLE `FED_USER_CONSENT_ROLE` (
  `USER_CONSENT_ID` VARCHAR(36) NOT NULL,
  `ROLE_ID` VARCHAR(36) NOT NULL,
  PRIMARY KEY (`USER_CONSENT_ID`,`ROLE_ID`)
) ENGINE=INNODB DEFAULT CHARSET=LATIN1;
/*!40101 SET CHARACTER_SET_CLIENT = @SAVED_CS_CLIENT */;

--
-- DUMPING DATA FOR TABLE `FED_USER_CONSENT_ROLE`
--

LOCK TABLES `FED_USER_CONSENT_ROLE` WRITE;
/*!40000 ALTER TABLE `FED_USER_CONSENT_ROLE` DISABLE KEYS */;
/*!40000 ALTER TABLE `FED_USER_CONSENT_ROLE` ENABLE KEYS */;
UNLOCK TABLES;

--
-- TABLE STRUCTURE FOR TABLE `FED_USER_CREDENTIAL`
--

DROP TABLE IF EXISTS `FED_USER_CREDENTIAL`;
/*!40101 SET @SAVED_CS_CLIENT     = @@CHARACTER_SET_CLIENT */;
/*!40101 SET CHARACTER_SET_CLIENT = UTF8 */;
CREATE TABLE `FED_USER_CREDENTIAL` (
  `ID` VARCHAR(36) NOT NULL,
  `DEVICE` VARCHAR(255) DEFAULT NULL,
  `HASH_ITERATIONS` INT(11) DEFAULT NULL,
  `SALT` BLOB,
  `TYPE` VARCHAR(255) DEFAULT NULL,
  `VALUE` VARCHAR(255) DEFAULT NULL,
  `CREATED_DATE` BIGINT(20) DEFAULT NULL,
  `COUNTER` INT(11) DEFAULT '0',
  `DIGITS` INT(11) DEFAULT '6',
  `PERIOD` INT(11) DEFAULT '30',
  `ALGORITHM` VARCHAR(36) DEFAULT 'HMACSHA1',
  `USER_ID` VARCHAR(255) NOT NULL,
  `REALM_ID` VARCHAR(36) NOT NULL,
  `STORAGE_PROVIDER_ID` VARCHAR(36) DEFAULT NULL,
  PRIMARY KEY (`ID`),
  KEY `IDX_FU_CREDENTIAL` (`USER_ID`,`TYPE`),
  KEY `IDX_FU_CREDENTIAL_RU` (`REALM_ID`,`USER_ID`)
) ENGINE=INNODB DEFAULT CHARSET=LATIN1;
/*!40101 SET CHARACTER_SET_CLIENT = @SAVED_CS_CLIENT */;

--
-- DUMPING DATA FOR TABLE `FED_USER_CREDENTIAL`
--

LOCK TABLES `FED_USER_CREDENTIAL` WRITE;
/*!40000 ALTER TABLE `FED_USER_CREDENTIAL` DISABLE KEYS */;
/*!40000 ALTER TABLE `FED_USER_CREDENTIAL` ENABLE KEYS */;
UNLOCK TABLES;

--
-- TABLE STRUCTURE FOR TABLE `FED_USER_GROUP_MEMBERSHIP`
--

DROP TABLE IF EXISTS `FED_USER_GROUP_MEMBERSHIP`;
/*!40101 SET @SAVED_CS_CLIENT     = @@CHARACTER_SET_CLIENT */;
/*!40101 SET CHARACTER_SET_CLIENT = UTF8 */;
CREATE TABLE `FED_USER_GROUP_MEMBERSHIP` (
  `GROUP_ID` VARCHAR(36) NOT NULL,
  `USER_ID` VARCHAR(255) NOT NULL,
  `REALM_ID` VARCHAR(36) NOT NULL,
  `STORAGE_PROVIDER_ID` VARCHAR(36) DEFAULT NULL,
  PRIMARY KEY (`GROUP_ID`,`USER_ID`),
  KEY `IDX_FU_GROUP_MEMBERSHIP` (`USER_ID`,`GROUP_ID`),
  KEY `IDX_FU_GROUP_MEMBERSHIP_RU` (`REALM_ID`,`USER_ID`)
) ENGINE=INNODB DEFAULT CHARSET=LATIN1;
/*!40101 SET CHARACTER_SET_CLIENT = @SAVED_CS_CLIENT */;

--
-- DUMPING DATA FOR TABLE `FED_USER_GROUP_MEMBERSHIP`
--

LOCK TABLES `FED_USER_GROUP_MEMBERSHIP` WRITE;
/*!40000 ALTER TABLE `FED_USER_GROUP_MEMBERSHIP` DISABLE KEYS */;
/*!40000 ALTER TABLE `FED_USER_GROUP_MEMBERSHIP` ENABLE KEYS */;
UNLOCK TABLES;

--
-- TABLE STRUCTURE FOR TABLE `FED_USER_REQUIRED_ACTION`
--

DROP TABLE IF EXISTS `FED_USER_REQUIRED_ACTION`;
/*!40101 SET @SAVED_CS_CLIENT     = @@CHARACTER_SET_CLIENT */;
/*!40101 SET CHARACTER_SET_CLIENT = UTF8 */;
CREATE TABLE `FED_USER_REQUIRED_ACTION` (
  `REQUIRED_ACTION` VARCHAR(255) NOT NULL DEFAULT ' ',
  `USER_ID` VARCHAR(255) NOT NULL,
  `REALM_ID` VARCHAR(36) NOT NULL,
  `STORAGE_PROVIDER_ID` VARCHAR(36) DEFAULT NULL,
  PRIMARY KEY (`REQUIRED_ACTION`,`USER_ID`),
  KEY `IDX_FU_REQUIRED_ACTION` (`USER_ID`,`REQUIRED_ACTION`),
  KEY `IDX_FU_REQUIRED_ACTION_RU` (`REALM_ID`,`USER_ID`)
) ENGINE=INNODB DEFAULT CHARSET=LATIN1;
/*!40101 SET CHARACTER_SET_CLIENT = @SAVED_CS_CLIENT */;

--
-- DUMPING DATA FOR TABLE `FED_USER_REQUIRED_ACTION`
--

LOCK TABLES `FED_USER_REQUIRED_ACTION` WRITE;
/*!40000 ALTER TABLE `FED_USER_REQUIRED_ACTION` DISABLE KEYS */;
/*!40000 ALTER TABLE `FED_USER_REQUIRED_ACTION` ENABLE KEYS */;
UNLOCK TABLES;

--
-- TABLE STRUCTURE FOR TABLE `FED_USER_ROLE_MAPPING`
--

DROP TABLE IF EXISTS `FED_USER_ROLE_MAPPING`;
/*!40101 SET @SAVED_CS_CLIENT     = @@CHARACTER_SET_CLIENT */;
/*!40101 SET CHARACTER_SET_CLIENT = UTF8 */;
CREATE TABLE `FED_USER_ROLE_MAPPING` (
  `ROLE_ID` VARCHAR(36) NOT NULL,
  `USER_ID` VARCHAR(255) NOT NULL,
  `REALM_ID` VARCHAR(36) NOT NULL,
  `STORAGE_PROVIDER_ID` VARCHAR(36) DEFAULT NULL,
  PRIMARY KEY (`ROLE_ID`,`USER_ID`),
  KEY `IDX_FU_ROLE_MAPPING` (`USER_ID`,`ROLE_ID`),
  KEY `IDX_FU_ROLE_MAPPING_RU` (`REALM_ID`,`USER_ID`)
) ENGINE=INNODB DEFAULT CHARSET=LATIN1;
/*!40101 SET CHARACTER_SET_CLIENT = @SAVED_CS_CLIENT */;

--
-- DUMPING DATA FOR TABLE `FED_USER_ROLE_MAPPING`
--

LOCK TABLES `FED_USER_ROLE_MAPPING` WRITE;
/*!40000 ALTER TABLE `FED_USER_ROLE_MAPPING` DISABLE KEYS */;
/*!40000 ALTER TABLE `FED_USER_ROLE_MAPPING` ENABLE KEYS */;
UNLOCK TABLES;

--
-- TABLE STRUCTURE FOR TABLE `FEDERATED_IDENTITY`
--

DROP TABLE IF EXISTS `FEDERATED_IDENTITY`;
/*!40101 SET @SAVED_CS_CLIENT     = @@CHARACTER_SET_CLIENT */;
/*!40101 SET CHARACTER_SET_CLIENT = UTF8 */;
CREATE TABLE `FEDERATED_IDENTITY` (
  `IDENTITY_PROVIDER` VARCHAR(255) NOT NULL,
  `REALM_ID` VARCHAR(36) DEFAULT NULL,
  `FEDERATED_USER_ID` VARCHAR(255) DEFAULT NULL,
  `FEDERATED_USERNAME` VARCHAR(255) DEFAULT NULL,
  `TOKEN` TEXT,
  `USER_ID` VARCHAR(36) NOT NULL,
  PRIMARY KEY (`IDENTITY_PROVIDER`,`USER_ID`),
  KEY `IDX_FEDIDENTITY_USER` (`USER_ID`),
  KEY `IDX_FEDIDENTITY_FEDUSER` (`FEDERATED_USER_ID`),
  CONSTRAINT `FK404288B92EF007A6` FOREIGN KEY (`USER_ID`) REFERENCES `USER_ENTITY` (`ID`)
) ENGINE=INNODB DEFAULT CHARSET=LATIN1;
/*!40101 SET CHARACTER_SET_CLIENT = @SAVED_CS_CLIENT */;

--
-- DUMPING DATA FOR TABLE `FEDERATED_IDENTITY`
--

LOCK TABLES `FEDERATED_IDENTITY` WRITE;
/*!40000 ALTER TABLE `FEDERATED_IDENTITY` DISABLE KEYS */;
/*!40000 ALTER TABLE `FEDERATED_IDENTITY` ENABLE KEYS */;
UNLOCK TABLES;

--
-- TABLE STRUCTURE FOR TABLE `FEDERATED_USER`
--

DROP TABLE IF EXISTS `FEDERATED_USER`;
/*!40101 SET @SAVED_CS_CLIENT     = @@CHARACTER_SET_CLIENT */;
/*!40101 SET CHARACTER_SET_CLIENT = UTF8 */;
CREATE TABLE `FEDERATED_USER` (
  `ID` VARCHAR(255) NOT NULL,
  `STORAGE_PROVIDER_ID` VARCHAR(255) DEFAULT NULL,
  `REALM_ID` VARCHAR(36) NOT NULL,
  PRIMARY KEY (`ID`)
) ENGINE=INNODB DEFAULT CHARSET=LATIN1;
/*!40101 SET CHARACTER_SET_CLIENT = @SAVED_CS_CLIENT */;

--
-- DUMPING DATA FOR TABLE `FEDERATED_USER`
--

LOCK TABLES `FEDERATED_USER` WRITE;
/*!40000 ALTER TABLE `FEDERATED_USER` DISABLE KEYS */;
/*!40000 ALTER TABLE `FEDERATED_USER` ENABLE KEYS */;
UNLOCK TABLES;

--
-- TABLE STRUCTURE FOR TABLE `GROUP_ATTRIBUTE`
--

DROP TABLE IF EXISTS `GROUP_ATTRIBUTE`;
/*!40101 SET @SAVED_CS_CLIENT     = @@CHARACTER_SET_CLIENT */;
/*!40101 SET CHARACTER_SET_CLIENT = UTF8 */;
CREATE TABLE `GROUP_ATTRIBUTE` (
  `ID` VARCHAR(36) NOT NULL DEFAULT 'SYBASE-NEEDS-SOMETHING-HERE',
  `NAME` VARCHAR(255) NOT NULL,
  `VALUE` VARCHAR(255) CHARACTER SET UTF8 DEFAULT NULL,
  `GROUP_ID` VARCHAR(36) NOT NULL,
  PRIMARY KEY (`ID`),
  KEY `IDX_GROUP_ATTR_GROUP` (`GROUP_ID`),
  CONSTRAINT `FK_GROUP_ATTRIBUTE_GROUP` FOREIGN KEY (`GROUP_ID`) REFERENCES `KEYCLOAK_GROUP` (`ID`)
) ENGINE=INNODB DEFAULT CHARSET=LATIN1;
/*!40101 SET CHARACTER_SET_CLIENT = @SAVED_CS_CLIENT */;

--
-- DUMPING DATA FOR TABLE `GROUP_ATTRIBUTE`
--

LOCK TABLES `GROUP_ATTRIBUTE` WRITE;
/*!40000 ALTER TABLE `GROUP_ATTRIBUTE` DISABLE KEYS */;
/*!40000 ALTER TABLE `GROUP_ATTRIBUTE` ENABLE KEYS */;
UNLOCK TABLES;

--
-- TABLE STRUCTURE FOR TABLE `GROUP_ROLE_MAPPING`
--

DROP TABLE IF EXISTS `GROUP_ROLE_MAPPING`;
/*!40101 SET @SAVED_CS_CLIENT     = @@CHARACTER_SET_CLIENT */;
/*!40101 SET CHARACTER_SET_CLIENT = UTF8 */;
CREATE TABLE `GROUP_ROLE_MAPPING` (
  `ROLE_ID` VARCHAR(36) NOT NULL,
  `GROUP_ID` VARCHAR(36) NOT NULL,
  PRIMARY KEY (`ROLE_ID`,`GROUP_ID`),
  KEY `IDX_GROUP_ROLE_MAPP_GROUP` (`GROUP_ID`),
  CONSTRAINT `FK_GROUP_ROLE_GROUP` FOREIGN KEY (`GROUP_ID`) REFERENCES `KEYCLOAK_GROUP` (`ID`),
  CONSTRAINT `FK_GROUP_ROLE_ROLE` FOREIGN KEY (`ROLE_ID`) REFERENCES `KEYCLOAK_ROLE` (`ID`)
) ENGINE=INNODB DEFAULT CHARSET=LATIN1;
/*!40101 SET CHARACTER_SET_CLIENT = @SAVED_CS_CLIENT */;

--
-- DUMPING DATA FOR TABLE `GROUP_ROLE_MAPPING`
--

LOCK TABLES `GROUP_ROLE_MAPPING` WRITE;
/*!40000 ALTER TABLE `GROUP_ROLE_MAPPING` DISABLE KEYS */;
/*!40000 ALTER TABLE `GROUP_ROLE_MAPPING` ENABLE KEYS */;
UNLOCK TABLES;

--
-- TABLE STRUCTURE FOR TABLE `IDENTITY_PROVIDER`
--

DROP TABLE IF EXISTS `IDENTITY_PROVIDER`;
/*!40101 SET @SAVED_CS_CLIENT     = @@CHARACTER_SET_CLIENT */;
/*!40101 SET CHARACTER_SET_CLIENT = UTF8 */;
CREATE TABLE `IDENTITY_PROVIDER` (
  `INTERNAL_ID` VARCHAR(36) NOT NULL,
  `ENABLED` BIT(1) NOT NULL DEFAULT B'0',
  `PROVIDER_ALIAS` VARCHAR(255) DEFAULT NULL,
  `PROVIDER_ID` VARCHAR(255) DEFAULT NULL,
  `STORE_TOKEN` BIT(1) NOT NULL DEFAULT B'0',
  `AUTHENTICATE_BY_DEFAULT` BIT(1) NOT NULL DEFAULT B'0',
  `REALM_ID` VARCHAR(36) DEFAULT NULL,
  `ADD_TOKEN_ROLE` BIT(1) NOT NULL DEFAULT B'1',
  `TRUST_EMAIL` BIT(1) NOT NULL DEFAULT B'0',
  `FIRST_BROKER_LOGIN_FLOW_ID` VARCHAR(36) DEFAULT NULL,
  `POST_BROKER_LOGIN_FLOW_ID` VARCHAR(36) DEFAULT NULL,
  `PROVIDER_DISPLAY_NAME` VARCHAR(255) DEFAULT NULL,
  `LINK_ONLY` BIT(1) NOT NULL DEFAULT B'0',
  PRIMARY KEY (`INTERNAL_ID`),
  UNIQUE KEY `UK_2DAELWNIBJI49AVXSRTUF6XJ33` (`PROVIDER_ALIAS`,`REALM_ID`),
  KEY `IDX_IDENT_PROV_REALM` (`REALM_ID`),
  CONSTRAINT `FK2B4EBC52AE5C3B34` FOREIGN KEY (`REALM_ID`) REFERENCES `REALM` (`ID`)
) ENGINE=INNODB DEFAULT CHARSET=LATIN1;
/*!40101 SET CHARACTER_SET_CLIENT = @SAVED_CS_CLIENT */;

--
-- DUMPING DATA FOR TABLE `IDENTITY_PROVIDER`
--

LOCK TABLES `IDENTITY_PROVIDER` WRITE;
/*!40000 ALTER TABLE `IDENTITY_PROVIDER` DISABLE KEYS */;
/*!40000 ALTER TABLE `IDENTITY_PROVIDER` ENABLE KEYS */;
UNLOCK TABLES;

--
-- TABLE STRUCTURE FOR TABLE `IDENTITY_PROVIDER_CONFIG`
--

DROP TABLE IF EXISTS `IDENTITY_PROVIDER_CONFIG`;
/*!40101 SET @SAVED_CS_CLIENT     = @@CHARACTER_SET_CLIENT */;
/*!40101 SET CHARACTER_SET_CLIENT = UTF8 */;
CREATE TABLE `IDENTITY_PROVIDER_CONFIG` (
  `IDENTITY_PROVIDER_ID` VARCHAR(36) NOT NULL,
  `VALUE` LONGTEXT,
  `NAME` VARCHAR(255) NOT NULL,
  PRIMARY KEY (`IDENTITY_PROVIDER_ID`,`NAME`),
  CONSTRAINT `FKDC4897CF864C4E43` FOREIGN KEY (`IDENTITY_PROVIDER_ID`) REFERENCES `IDENTITY_PROVIDER` (`INTERNAL_ID`)
) ENGINE=INNODB DEFAULT CHARSET=LATIN1;
/*!40101 SET CHARACTER_SET_CLIENT = @SAVED_CS_CLIENT */;

--
-- DUMPING DATA FOR TABLE `IDENTITY_PROVIDER_CONFIG`
--

LOCK TABLES `IDENTITY_PROVIDER_CONFIG` WRITE;
/*!40000 ALTER TABLE `IDENTITY_PROVIDER_CONFIG` DISABLE KEYS */;
/*!40000 ALTER TABLE `IDENTITY_PROVIDER_CONFIG` ENABLE KEYS */;
UNLOCK TABLES;

--
-- TABLE STRUCTURE FOR TABLE `IDENTITY_PROVIDER_MAPPER`
--

DROP TABLE IF EXISTS `IDENTITY_PROVIDER_MAPPER`;
/*!40101 SET @SAVED_CS_CLIENT     = @@CHARACTER_SET_CLIENT */;
/*!40101 SET CHARACTER_SET_CLIENT = UTF8 */;
CREATE TABLE `IDENTITY_PROVIDER_MAPPER` (
  `ID` VARCHAR(36) NOT NULL,
  `NAME` VARCHAR(255) NOT NULL,
  `IDP_ALIAS` VARCHAR(255) NOT NULL,
  `IDP_MAPPER_NAME` VARCHAR(255) NOT NULL,
  `REALM_ID` VARCHAR(36) NOT NULL,
  PRIMARY KEY (`ID`),
  KEY `IDX_ID_PROV_MAPP_REALM` (`REALM_ID`),
  CONSTRAINT `FK_IDPM_REALM` FOREIGN KEY (`REALM_ID`) REFERENCES `REALM` (`ID`)
) ENGINE=INNODB DEFAULT CHARSET=LATIN1;
/*!40101 SET CHARACTER_SET_CLIENT = @SAVED_CS_CLIENT */;

--
-- DUMPING DATA FOR TABLE `IDENTITY_PROVIDER_MAPPER`
--

LOCK TABLES `IDENTITY_PROVIDER_MAPPER` WRITE;
/*!40000 ALTER TABLE `IDENTITY_PROVIDER_MAPPER` DISABLE KEYS */;
/*!40000 ALTER TABLE `IDENTITY_PROVIDER_MAPPER` ENABLE KEYS */;
UNLOCK TABLES;

--
-- TABLE STRUCTURE FOR TABLE `IDP_MAPPER_CONFIG`
--

DROP TABLE IF EXISTS `IDP_MAPPER_CONFIG`;
/*!40101 SET @SAVED_CS_CLIENT     = @@CHARACTER_SET_CLIENT */;
/*!40101 SET CHARACTER_SET_CLIENT = UTF8 */;
CREATE TABLE `IDP_MAPPER_CONFIG` (
  `IDP_MAPPER_ID` VARCHAR(36) NOT NULL,
  `VALUE` LONGTEXT,
  `NAME` VARCHAR(255) NOT NULL,
  PRIMARY KEY (`IDP_MAPPER_ID`,`NAME`),
  CONSTRAINT `FK_IDPMCONFIG` FOREIGN KEY (`IDP_MAPPER_ID`) REFERENCES `IDENTITY_PROVIDER_MAPPER` (`ID`)
) ENGINE=INNODB DEFAULT CHARSET=LATIN1;
/*!40101 SET CHARACTER_SET_CLIENT = @SAVED_CS_CLIENT */;

--
-- DUMPING DATA FOR TABLE `IDP_MAPPER_CONFIG`
--

LOCK TABLES `IDP_MAPPER_CONFIG` WRITE;
/*!40000 ALTER TABLE `IDP_MAPPER_CONFIG` DISABLE KEYS */;
/*!40000 ALTER TABLE `IDP_MAPPER_CONFIG` ENABLE KEYS */;
UNLOCK TABLES;

--
-- TABLE STRUCTURE FOR TABLE `KEYCLOAK_GROUP`
--

DROP TABLE IF EXISTS `KEYCLOAK_GROUP`;
/*!40101 SET @SAVED_CS_CLIENT     = @@CHARACTER_SET_CLIENT */;
/*!40101 SET CHARACTER_SET_CLIENT = UTF8 */;
CREATE TABLE `KEYCLOAK_GROUP` (
  `ID` VARCHAR(36) NOT NULL,
  `NAME` VARCHAR(255) CHARACTER SET UTF8 DEFAULT NULL,
  `PARENT_GROUP` VARCHAR(36) DEFAULT NULL,
  `REALM_ID` VARCHAR(36) DEFAULT NULL,
  PRIMARY KEY (`ID`),
  UNIQUE KEY `SIBLING_NAMES` (`REALM_ID`,`PARENT_GROUP`,`NAME`),
  CONSTRAINT `FK_GROUP_REALM` FOREIGN KEY (`REALM_ID`) REFERENCES `REALM` (`ID`)
) ENGINE=INNODB DEFAULT CHARSET=LATIN1;
/*!40101 SET CHARACTER_SET_CLIENT = @SAVED_CS_CLIENT */;

--
-- DUMPING DATA FOR TABLE `KEYCLOAK_GROUP`
--

LOCK TABLES `KEYCLOAK_GROUP` WRITE;
/*!40000 ALTER TABLE `KEYCLOAK_GROUP` DISABLE KEYS */;
/*!40000 ALTER TABLE `KEYCLOAK_GROUP` ENABLE KEYS */;
UNLOCK TABLES;

--
-- TABLE STRUCTURE FOR TABLE `KEYCLOAK_ROLE`
--

DROP TABLE IF EXISTS `KEYCLOAK_ROLE`;
/*!40101 SET @SAVED_CS_CLIENT     = @@CHARACTER_SET_CLIENT */;
/*!40101 SET CHARACTER_SET_CLIENT = UTF8 */;
CREATE TABLE `KEYCLOAK_ROLE` (
  `ID` VARCHAR(36) NOT NULL,
  `CLIENT_REALM_CONSTRAINT` VARCHAR(36) DEFAULT NULL,
  `CLIENT_ROLE` BIT(1) DEFAULT NULL,
  `DESCRIPTION` VARCHAR(255) CHARACTER SET UTF8 DEFAULT NULL,
  `NAME` VARCHAR(255) CHARACTER SET UTF8 DEFAULT NULL,
  `REALM_ID` VARCHAR(255) DEFAULT NULL,
  `CLIENT` VARCHAR(36) DEFAULT NULL,
  `REALM` VARCHAR(36) DEFAULT NULL,
  `SCOPE_PARAM_REQUIRED` BIT(1) NOT NULL DEFAULT B'0',
  PRIMARY KEY (`ID`),
  UNIQUE KEY `UK_J3RWUVD56ONTGSUHOGM184WW2-2` (`NAME`,`CLIENT_REALM_CONSTRAINT`),
  KEY `IDX_KEYCLOAK_ROLE_CLIENT` (`CLIENT`),
  KEY `IDX_KEYCLOAK_ROLE_REALM` (`REALM`),
  CONSTRAINT `FK_6VYQFE4CN4WLQ8R6KT5VDSJ5C` FOREIGN KEY (`REALM`) REFERENCES `REALM` (`ID`),
  CONSTRAINT `FK_KJHO5LE2C0RAL09FL8CM9WFW9` FOREIGN KEY (`CLIENT`) REFERENCES `CLIENT` (`ID`)
) ENGINE=INNODB DEFAULT CHARSET=LATIN1;
/*!40101 SET CHARACTER_SET_CLIENT = @SAVED_CS_CLIENT */;

--
-- DUMPING DATA FOR TABLE `KEYCLOAK_ROLE`
--

LOCK TABLES `KEYCLOAK_ROLE` WRITE;
/*!40000 ALTER TABLE `KEYCLOAK_ROLE` DISABLE KEYS */;
INSERT INTO `KEYCLOAK_ROLE` VALUES ('004E8D4E-D970-4280-A10A-346C61C87619','ACD01CD8-D247-4C26-93B4-28B6B7F5FC99','','${ROLE_VIEW-USERS}','VIEW-USERS','RSO','ACD01CD8-D247-4C26-93B4-28B6B7F5FC99',NULL,'\0'),('0A037C09-2BA6-46DB-A430-C4E7149193C6','A518C7BB-F414-4AB0-BCD7-A49AC9B5465E','','${ROLE_MANAGE-AUTHORIZATION}','MANAGE-AUTHORIZATION','MASTER','A518C7BB-F414-4AB0-BCD7-A49AC9B5465E',NULL,'\0'),('0E154A03-D91E-4A0E-B4D0-53D543F7C075','ACD01CD8-D247-4C26-93B4-28B6B7F5FC99','','${ROLE_MANAGE-REALM}','MANAGE-REALM','RSO','ACD01CD8-D247-4C26-93B4-28B6B7F5FC99',NULL,'\0'),('109FBC3D-1E6C-49F0-9390-98648EF07F77','MASTER','\0','${ROLE_OFFLINE-ACCESS}','OFFLINE_ACCESS','MASTER',NULL,'MASTER',''),('14721E6E-1571-406E-B72D-7A939736A410','A518C7BB-F414-4AB0-BCD7-A49AC9B5465E','','${ROLE_MANAGE-IDENTITY-PROVIDERS}','MANAGE-IDENTITY-PROVIDERS','MASTER','A518C7BB-F414-4AB0-BCD7-A49AC9B5465E',NULL,'\0'),('15370E1E-4726-4B21-9084-72D538CE6320','F1190C36-8BF6-4BDB-B234-911205404F10','','${ROLE_MANAGE-ACCOUNT}','MANAGE-ACCOUNT','RSO','F1190C36-8BF6-4BDB-B234-911205404F10',NULL,'\0'),('156B675F-1040-4A06-8871-BB7F1B1079D6','A6231366-5587-4FAC-9195-8A681AF153A3','','${ROLE_VIEW-EVENTS}','VIEW-EVENTS','MASTER','A6231366-5587-4FAC-9195-8A681AF153A3',NULL,'\0'),('224DC4AE-6FA4-437A-BFB5-7FDBF9801079','F1190C36-8BF6-4BDB-B234-911205404F10','','${ROLE_VIEW-PROFILE}','VIEW-PROFILE','RSO','F1190C36-8BF6-4BDB-B234-911205404F10',NULL,'\0'),('225F99A4-551F-4739-B76F-07FCF0D4FD38','A6231366-5587-4FAC-9195-8A681AF153A3','','${ROLE_MANAGE-AUTHORIZATION}','MANAGE-AUTHORIZATION','MASTER','A6231366-5587-4FAC-9195-8A681AF153A3',NULL,'\0'),('234B579B-56BF-4A72-8CA6-5E436A837E45','A6231366-5587-4FAC-9195-8A681AF153A3','','${ROLE_QUERY-REALMS}','QUERY-REALMS','MASTER','A6231366-5587-4FAC-9195-8A681AF153A3',NULL,'\0'),('286AE8D1-07F8-4161-9A68-0564D3D30BB0','ACD01CD8-D247-4C26-93B4-28B6B7F5FC99','','${ROLE_REALM-ADMIN}','REALM-ADMIN','RSO','ACD01CD8-D247-4C26-93B4-28B6B7F5FC99',NULL,'\0'),('286EBF71-CDD4-465A-9B3D-A20A1F452380','A6231366-5587-4FAC-9195-8A681AF153A3','','${ROLE_VIEW-USERS}','VIEW-USERS','MASTER','A6231366-5587-4FAC-9195-8A681AF153A3',NULL,'\0'),('2F1A7568-F7A5-4773-9D46-16D8BB781630','ACD01CD8-D247-4C26-93B4-28B6B7F5FC99','','${ROLE_MANAGE-AUTHORIZATION}','MANAGE-AUTHORIZATION','RSO','ACD01CD8-D247-4C26-93B4-28B6B7F5FC99',NULL,'\0'),('31DA9781-D1DF-4F54-BF19-D78998C7978E','A518C7BB-F414-4AB0-BCD7-A49AC9B5465E','','${ROLE_QUERY-REALMS}','QUERY-REALMS','MASTER','A518C7BB-F414-4AB0-BCD7-A49AC9B5465E',NULL,'\0'),('34C4B95D-8966-4868-A87C-FD9BDB85A35E','A6231366-5587-4FAC-9195-8A681AF153A3','','${ROLE_IMPERSONATION}','IMPERSONATION','MASTER','A6231366-5587-4FAC-9195-8A681AF153A3',NULL,'\0'),('350A6073-9402-45E6-B149-61ABFF35D30C','ACD01CD8-D247-4C26-93B4-28B6B7F5FC99','','${ROLE_IMPERSONATION}','IMPERSONATION','RSO','ACD01CD8-D247-4C26-93B4-28B6B7F5FC99',NULL,'\0'),('3BB4C48B-C220-4300-962B-29A4C994DF30','ACD01CD8-D247-4C26-93B4-28B6B7F5FC99','','${ROLE_QUERY-CLIENTS}','QUERY-CLIENTS','RSO','ACD01CD8-D247-4C26-93B4-28B6B7F5FC99',NULL,'\0'),('3CE5B303-E4DD-4B1C-8FBF-00159799EE54','A6231366-5587-4FAC-9195-8A681AF153A3','','${ROLE_MANAGE-REALM}','MANAGE-REALM','MASTER','A6231366-5587-4FAC-9195-8A681AF153A3',NULL,'\0'),('3F3B4BE7-7708-4772-BBC7-61E29245F023','A518C7BB-F414-4AB0-BCD7-A49AC9B5465E','','${ROLE_VIEW-CLIENTS}','VIEW-CLIENTS','MASTER','A518C7BB-F414-4AB0-BCD7-A49AC9B5465E',NULL,'\0'),('4634734F-41D0-4DE7-98E7-50F1F34D2E2D','F1190C36-8BF6-4BDB-B234-911205404F10','','${ROLE_MANAGE-ACCOUNT-LINKS}','MANAGE-ACCOUNT-LINKS','RSO','F1190C36-8BF6-4BDB-B234-911205404F10',NULL,'\0'),('46E7BDC8-59ED-437E-BB02-42490823069C','ACD01CD8-D247-4C26-93B4-28B6B7F5FC99','','${ROLE_VIEW-REALM}','VIEW-REALM','RSO','ACD01CD8-D247-4C26-93B4-28B6B7F5FC99',NULL,'\0'),('49233D3B-DDCD-41EC-BD4F-87940F9C8856','A6231366-5587-4FAC-9195-8A681AF153A3','','${ROLE_MANAGE-IDENTITY-PROVIDERS}','MANAGE-IDENTITY-PROVIDERS','MASTER','A6231366-5587-4FAC-9195-8A681AF153A3',NULL,'\0'),('4B2D9543-4F8B-415A-B687-490822FF71D0','A518C7BB-F414-4AB0-BCD7-A49AC9B5465E','','${ROLE_CREATE-CLIENT}','CREATE-CLIENT','MASTER','A518C7BB-F414-4AB0-BCD7-A49AC9B5465E',NULL,'\0'),('559602DF-60C7-4ADB-8657-68F1A5D7F55C','ACD01CD8-D247-4C26-93B4-28B6B7F5FC99','','${ROLE_MANAGE-IDENTITY-PROVIDERS}','MANAGE-IDENTITY-PROVIDERS','RSO','ACD01CD8-D247-4C26-93B4-28B6B7F5FC99',NULL,'\0'),('58CBDB3C-8A69-461B-8593-46211E3E678D','A6231366-5587-4FAC-9195-8A681AF153A3','','${ROLE_QUERY-GROUPS}','QUERY-GROUPS','MASTER','A6231366-5587-4FAC-9195-8A681AF153A3',NULL,'\0'),('59F1A3A8-221A-4E05-98A5-28F11F125098','ACD01CD8-D247-4C26-93B4-28B6B7F5FC99','','${ROLE_VIEW-CLIENTS}','VIEW-CLIENTS','RSO','ACD01CD8-D247-4C26-93B4-28B6B7F5FC99',NULL,'\0'),('5E5B1FBA-0264-4C3B-BDF8-C2D795C9ADBC','ACD01CD8-D247-4C26-93B4-28B6B7F5FC99','','${ROLE_MANAGE-USERS}','MANAGE-USERS','RSO','ACD01CD8-D247-4C26-93B4-28B6B7F5FC99',NULL,'\0'),('66507AD3-D0C4-4989-BBF6-1C6DE6DFC5F1','A518C7BB-F414-4AB0-BCD7-A49AC9B5465E','','${ROLE_VIEW-AUTHORIZATION}','VIEW-AUTHORIZATION','MASTER','A518C7BB-F414-4AB0-BCD7-A49AC9B5465E',NULL,'\0'),('6949DB24-897B-48DE-A2BC-955299511684','A6231366-5587-4FAC-9195-8A681AF153A3','','${ROLE_CREATE-CLIENT}','CREATE-CLIENT','MASTER','A6231366-5587-4FAC-9195-8A681AF153A3',NULL,'\0'),('6B71A2D6-D276-407D-9C75-44DDDCFC1CB9','ACD01CD8-D247-4C26-93B4-28B6B7F5FC99','','${ROLE_QUERY-GROUPS}','QUERY-GROUPS','RSO','ACD01CD8-D247-4C26-93B4-28B6B7F5FC99',NULL,'\0'),('74F31862-5842-40A2-B561-2EE1AE89263F','A6231366-5587-4FAC-9195-8A681AF153A3','','${ROLE_QUERY-CLIENTS}','QUERY-CLIENTS','MASTER','A6231366-5587-4FAC-9195-8A681AF153A3',NULL,'\0'),('78F42FA0-90D9-42C2-9932-A4B7B9E85C49','A518C7BB-F414-4AB0-BCD7-A49AC9B5465E','','${ROLE_QUERY-CLIENTS}','QUERY-CLIENTS','MASTER','A518C7BB-F414-4AB0-BCD7-A49AC9B5465E',NULL,'\0'),('859E5E3A-5DD5-4155-AC1F-766389242917','ACD01CD8-D247-4C26-93B4-28B6B7F5FC99','','${ROLE_CREATE-CLIENT}','CREATE-CLIENT','RSO','ACD01CD8-D247-4C26-93B4-28B6B7F5FC99',NULL,'\0'),('85CBBC20-6098-42A7-9793-AA9390ADAF7D','A518C7BB-F414-4AB0-BCD7-A49AC9B5465E','','${ROLE_VIEW-EVENTS}','VIEW-EVENTS','MASTER','A518C7BB-F414-4AB0-BCD7-A49AC9B5465E',NULL,'\0'),('8682666A-883B-4BDB-97D3-E9A8AC1A20FE','ACD01CD8-D247-4C26-93B4-28B6B7F5FC99','','${ROLE_VIEW-EVENTS}','VIEW-EVENTS','RSO','ACD01CD8-D247-4C26-93B4-28B6B7F5FC99',NULL,'\0'),('894F8ED2-2407-4A15-BFEE-626B5115DFC4','ACD01CD8-D247-4C26-93B4-28B6B7F5FC99','','${ROLE_MANAGE-EVENTS}','MANAGE-EVENTS','RSO','ACD01CD8-D247-4C26-93B4-28B6B7F5FC99',NULL,'\0'),('921E666B-F80F-4F16-8895-9A54D2DBBE7E','ACD01CD8-D247-4C26-93B4-28B6B7F5FC99','','${ROLE_VIEW-IDENTITY-PROVIDERS}','VIEW-IDENTITY-PROVIDERS','RSO','ACD01CD8-D247-4C26-93B4-28B6B7F5FC99',NULL,'\0'),('9495DCE3-82A6-437C-8296-04AB2C70C3EB','ACD01CD8-D247-4C26-93B4-28B6B7F5FC99','','${ROLE_MANAGE-CLIENTS}','MANAGE-CLIENTS','RSO','ACD01CD8-D247-4C26-93B4-28B6B7F5FC99',NULL,'\0'),('99C3A500-5338-4E78-8774-8D0DD7FBFB8B','A518C7BB-F414-4AB0-BCD7-A49AC9B5465E','','${ROLE_MANAGE-EVENTS}','MANAGE-EVENTS','MASTER','A518C7BB-F414-4AB0-BCD7-A49AC9B5465E',NULL,'\0'),('9F14D51F-A922-477A-9677-C25660E917CA','A6231366-5587-4FAC-9195-8A681AF153A3','','${ROLE_MANAGE-CLIENTS}','MANAGE-CLIENTS','MASTER','A6231366-5587-4FAC-9195-8A681AF153A3',NULL,'\0'),('AA1BFF14-5292-40BB-B652-3D6D776524A0','A518C7BB-F414-4AB0-BCD7-A49AC9B5465E','','${ROLE_MANAGE-REALM}','MANAGE-REALM','MASTER','A518C7BB-F414-4AB0-BCD7-A49AC9B5465E',NULL,'\0'),('AB4A14BF-2C28-443A-A62E-9D404F12CC70','A6231366-5587-4FAC-9195-8A681AF153A3','','${ROLE_VIEW-IDENTITY-PROVIDERS}','VIEW-IDENTITY-PROVIDERS','MASTER','A6231366-5587-4FAC-9195-8A681AF153A3',NULL,'\0'),('AD1FD1D6-95BE-46DD-B1FC-3008D9BF60C8','1EEBDCA0-35CC-4F05-BB9B-B7D61DB21D40','','${ROLE_MANAGE-ACCOUNT}','MANAGE-ACCOUNT','MASTER','1EEBDCA0-35CC-4F05-BB9B-B7D61DB21D40',NULL,'\0'),('B2FB129A-0AA0-4077-9311-34288E7EC34F','8F23967F-AC45-4DB7-9915-11D712864F86','','${ROLE_READ-TOKEN}','READ-TOKEN','MASTER','8F23967F-AC45-4DB7-9915-11D712864F86',NULL,'\0'),('B96ECC44-0425-492C-8190-F2D1FF784B4E','A518C7BB-F414-4AB0-BCD7-A49AC9B5465E','','${ROLE_MANAGE-CLIENTS}','MANAGE-CLIENTS','MASTER','A518C7BB-F414-4AB0-BCD7-A49AC9B5465E',NULL,'\0'),('BDDE0205-75AF-4B4F-8639-03140C846437','A518C7BB-F414-4AB0-BCD7-A49AC9B5465E','','${ROLE_VIEW-REALM}','VIEW-REALM','MASTER','A518C7BB-F414-4AB0-BCD7-A49AC9B5465E',NULL,'\0'),('C188FB2E-D265-4AF4-8FD2-3AA527C3CF87','A518C7BB-F414-4AB0-BCD7-A49AC9B5465E','','${ROLE_QUERY-USERS}','QUERY-USERS','MASTER','A518C7BB-F414-4AB0-BCD7-A49AC9B5465E',NULL,'\0'),('C5BC7EB1-C95B-4F48-B34C-894B57D000EC','MASTER','\0','${ROLE_ADMIN}','ADMIN','MASTER',NULL,'MASTER','\0'),('CFDAB04A-4B89-47ED-AE7E-727C8E57D6D6','MASTER','\0','${ROLE_UMA_AUTHORIZATION}','UMA_AUTHORIZATION','MASTER',NULL,'MASTER','\0'),('D77C539D-BE6E-4DE9-B62C-7847425BB6F2','MASTER','\0','${ROLE_CREATE-REALM}','CREATE-REALM','MASTER',NULL,'MASTER','\0'),('D991C0B9-630E-4CF1-B32B-F135DF6A73A5','A6231366-5587-4FAC-9195-8A681AF153A3','','${ROLE_MANAGE-USERS}','MANAGE-USERS','MASTER','A6231366-5587-4FAC-9195-8A681AF153A3',NULL,'\0'),('DA7C4F32-6880-44B9-AB55-B7357A8EF2BC','RSO','\0',NULL,'USER','RSO',NULL,'RSO','\0'),('DF4E9F52-FCA1-4628-BBFA-9F2F2E97651A','1EEBDCA0-35CC-4F05-BB9B-B7D61DB21D40','','${ROLE_VIEW-PROFILE}','VIEW-PROFILE','MASTER','1EEBDCA0-35CC-4F05-BB9B-B7D61DB21D40',NULL,'\0'),('E15CB27C-D814-4F2C-8A67-75DCE315F242','A518C7BB-F414-4AB0-BCD7-A49AC9B5465E','','${ROLE_QUERY-GROUPS}','QUERY-GROUPS','MASTER','A518C7BB-F414-4AB0-BCD7-A49AC9B5465E',NULL,'\0'),('E24AA09B-20AA-4C0E-A678-E14D49AC3DB4','A6231366-5587-4FAC-9195-8A681AF153A3','','${ROLE_VIEW-CLIENTS}','VIEW-CLIENTS','MASTER','A6231366-5587-4FAC-9195-8A681AF153A3',NULL,'\0'),('E38D4AC6-A0D8-4718-A109-E3B482EB97F1','B84B01EC-AF1D-41DE-8CB3-3913ECAF19BF','','${ROLE_READ-TOKEN}','READ-TOKEN','RSO','B84B01EC-AF1D-41DE-8CB3-3913ECAF19BF',NULL,'\0'),('E4F61F84-83F2-431C-B762-B0DFCE50BA73','ACD01CD8-D247-4C26-93B4-28B6B7F5FC99','','${ROLE_VIEW-AUTHORIZATION}','VIEW-AUTHORIZATION','RSO','ACD01CD8-D247-4C26-93B4-28B6B7F5FC99',NULL,'\0'),('E7207B15-682E-4D5F-AD9E-81B292579F83','A518C7BB-F414-4AB0-BCD7-A49AC9B5465E','','${ROLE_VIEW-USERS}','VIEW-USERS','MASTER','A518C7BB-F414-4AB0-BCD7-A49AC9B5465E',NULL,'\0'),('E9392342-BE90-40A5-B986-CD92DD236AE7','A6231366-5587-4FAC-9195-8A681AF153A3','','${ROLE_VIEW-REALM}','VIEW-REALM','MASTER','A6231366-5587-4FAC-9195-8A681AF153A3',NULL,'\0'),('EEC2D284-27F4-4A14-AFDE-FFBE6E6A42FA','ACD01CD8-D247-4C26-93B4-28B6B7F5FC99','','${ROLE_QUERY-REALMS}','QUERY-REALMS','RSO','ACD01CD8-D247-4C26-93B4-28B6B7F5FC99',NULL,'\0'),('EF358A1B-46F0-4B01-AA2B-5282893700EA','A518C7BB-F414-4AB0-BCD7-A49AC9B5465E','','${ROLE_VIEW-IDENTITY-PROVIDERS}','VIEW-IDENTITY-PROVIDERS','MASTER','A518C7BB-F414-4AB0-BCD7-A49AC9B5465E',NULL,'\0'),('F0DF025D-6EFC-4FCF-A089-DA2531F5E65C','1EEBDCA0-35CC-4F05-BB9B-B7D61DB21D40','','${ROLE_MANAGE-ACCOUNT-LINKS}','MANAGE-ACCOUNT-LINKS','MASTER','1EEBDCA0-35CC-4F05-BB9B-B7D61DB21D40',NULL,'\0'),('F13A65C7-4481-47E7-9B20-F1FAC13984BD','ACD01CD8-D247-4C26-93B4-28B6B7F5FC99','','${ROLE_QUERY-USERS}','QUERY-USERS','RSO','ACD01CD8-D247-4C26-93B4-28B6B7F5FC99',NULL,'\0'),('FC733240-5AC6-4492-990D-9D2E1F4BC7E5','A6231366-5587-4FAC-9195-8A681AF153A3','','${ROLE_MANAGE-EVENTS}','MANAGE-EVENTS','MASTER','A6231366-5587-4FAC-9195-8A681AF153A3',NULL,'\0'),('FCF1401F-0467-4897-857E-070EBE76C24E','A518C7BB-F414-4AB0-BCD7-A49AC9B5465E','','${ROLE_MANAGE-USERS}','MANAGE-USERS','MASTER','A518C7BB-F414-4AB0-BCD7-A49AC9B5465E',NULL,'\0'),('FD0E05F4-815E-4A32-A18D-430C6DBE90BA','A518C7BB-F414-4AB0-BCD7-A49AC9B5465E','','${ROLE_IMPERSONATION}','IMPERSONATION','MASTER','A518C7BB-F414-4AB0-BCD7-A49AC9B5465E',NULL,'\0'),('FDAE2701-E7D4-4348-BB0B-349484D46269','A6231366-5587-4FAC-9195-8A681AF153A3','','${ROLE_QUERY-USERS}','QUERY-USERS','MASTER','A6231366-5587-4FAC-9195-8A681AF153A3',NULL,'\0'),('FE2091EB-E0B4-4979-A165-2F97DC69696E','A6231366-5587-4FAC-9195-8A681AF153A3','','${ROLE_VIEW-AUTHORIZATION}','VIEW-AUTHORIZATION','MASTER','A6231366-5587-4FAC-9195-8A681AF153A3',NULL,'\0');
/*!40000 ALTER TABLE `KEYCLOAK_ROLE` ENABLE KEYS */;
UNLOCK TABLES;

--
-- TABLE STRUCTURE FOR TABLE `MIGRATION_MODEL`
--

DROP TABLE IF EXISTS `MIGRATION_MODEL`;
/*!40101 SET @SAVED_CS_CLIENT     = @@CHARACTER_SET_CLIENT */;
/*!40101 SET CHARACTER_SET_CLIENT = UTF8 */;
CREATE TABLE `MIGRATION_MODEL` (
  `ID` VARCHAR(36) NOT NULL,
  `VERSION` VARCHAR(36) DEFAULT NULL,
  PRIMARY KEY (`ID`)
) ENGINE=INNODB DEFAULT CHARSET=LATIN1;
/*!40101 SET CHARACTER_SET_CLIENT = @SAVED_CS_CLIENT */;

--
-- DUMPING DATA FOR TABLE `MIGRATION_MODEL`
--

LOCK TABLES `MIGRATION_MODEL` WRITE;
/*!40000 ALTER TABLE `MIGRATION_MODEL` DISABLE KEYS */;
INSERT INTO `MIGRATION_MODEL` VALUES ('SINGLETON','3.4.2');
/*!40000 ALTER TABLE `MIGRATION_MODEL` ENABLE KEYS */;
UNLOCK TABLES;

--
-- TABLE STRUCTURE FOR TABLE `OFFLINE_CLIENT_SESSION`
--

DROP TABLE IF EXISTS `OFFLINE_CLIENT_SESSION`;
/*!40101 SET @SAVED_CS_CLIENT     = @@CHARACTER_SET_CLIENT */;
/*!40101 SET CHARACTER_SET_CLIENT = UTF8 */;
CREATE TABLE `OFFLINE_CLIENT_SESSION` (
  `USER_SESSION_ID` VARCHAR(36) NOT NULL,
  `CLIENT_ID` VARCHAR(36) NOT NULL,
  `OFFLINE_FLAG` VARCHAR(4) NOT NULL,
  `TIMESTAMP` INT(11) DEFAULT NULL,
  `DATA` LONGTEXT,
  `CLIENT_STORAGE_PROVIDER` VARCHAR(36) NOT NULL DEFAULT 'LOCAL',
  `EXTERNAL_CLIENT_ID` VARCHAR(255) NOT NULL DEFAULT 'LOCAL',
  PRIMARY KEY (`USER_SESSION_ID`,`CLIENT_ID`,`CLIENT_STORAGE_PROVIDER`,`EXTERNAL_CLIENT_ID`,`OFFLINE_FLAG`),
  KEY `IDX_US_SESS_ID_ON_CL_SESS` (`USER_SESSION_ID`)
) ENGINE=INNODB DEFAULT CHARSET=LATIN1;
/*!40101 SET CHARACTER_SET_CLIENT = @SAVED_CS_CLIENT */;

--
-- DUMPING DATA FOR TABLE `OFFLINE_CLIENT_SESSION`
--

LOCK TABLES `OFFLINE_CLIENT_SESSION` WRITE;
/*!40000 ALTER TABLE `OFFLINE_CLIENT_SESSION` DISABLE KEYS */;
/*!40000 ALTER TABLE `OFFLINE_CLIENT_SESSION` ENABLE KEYS */;
UNLOCK TABLES;

--
-- TABLE STRUCTURE FOR TABLE `OFFLINE_USER_SESSION`
--

DROP TABLE IF EXISTS `OFFLINE_USER_SESSION`;
/*!40101 SET @SAVED_CS_CLIENT     = @@CHARACTER_SET_CLIENT */;
/*!40101 SET CHARACTER_SET_CLIENT = UTF8 */;
CREATE TABLE `OFFLINE_USER_SESSION` (
  `USER_SESSION_ID` VARCHAR(36) NOT NULL,
  `USER_ID` VARCHAR(255) DEFAULT NULL,
  `REALM_ID` VARCHAR(36) NOT NULL,
  `LAST_SESSION_REFRESH` INT(11) DEFAULT NULL,
  `OFFLINE_FLAG` VARCHAR(4) NOT NULL,
  `DATA` LONGTEXT,
  PRIMARY KEY (`USER_SESSION_ID`,`OFFLINE_FLAG`)
) ENGINE=INNODB DEFAULT CHARSET=LATIN1;
/*!40101 SET CHARACTER_SET_CLIENT = @SAVED_CS_CLIENT */;

--
-- DUMPING DATA FOR TABLE `OFFLINE_USER_SESSION`
--

LOCK TABLES `OFFLINE_USER_SESSION` WRITE;
/*!40000 ALTER TABLE `OFFLINE_USER_SESSION` DISABLE KEYS */;
/*!40000 ALTER TABLE `OFFLINE_USER_SESSION` ENABLE KEYS */;
UNLOCK TABLES;

--
-- TABLE STRUCTURE FOR TABLE `POLICY_CONFIG`
--

DROP TABLE IF EXISTS `POLICY_CONFIG`;
/*!40101 SET @SAVED_CS_CLIENT     = @@CHARACTER_SET_CLIENT */;
/*!40101 SET CHARACTER_SET_CLIENT = UTF8 */;
CREATE TABLE `POLICY_CONFIG` (
  `POLICY_ID` VARCHAR(36) NOT NULL,
  `NAME` VARCHAR(255) NOT NULL,
  `VALUE` LONGTEXT,
  PRIMARY KEY (`POLICY_ID`,`NAME`),
  CONSTRAINT `FKDC34197CF864C4E43` FOREIGN KEY (`POLICY_ID`) REFERENCES `RESOURCE_SERVER_POLICY` (`ID`)
) ENGINE=INNODB DEFAULT CHARSET=LATIN1;
/*!40101 SET CHARACTER_SET_CLIENT = @SAVED_CS_CLIENT */;

--
-- DUMPING DATA FOR TABLE `POLICY_CONFIG`
--

LOCK TABLES `POLICY_CONFIG` WRITE;
/*!40000 ALTER TABLE `POLICY_CONFIG` DISABLE KEYS */;
/*!40000 ALTER TABLE `POLICY_CONFIG` ENABLE KEYS */;
UNLOCK TABLES;

--
-- TABLE STRUCTURE FOR TABLE `PROTOCOL_MAPPER`
--

DROP TABLE IF EXISTS `PROTOCOL_MAPPER`;
/*!40101 SET @SAVED_CS_CLIENT     = @@CHARACTER_SET_CLIENT */;
/*!40101 SET CHARACTER_SET_CLIENT = UTF8 */;
CREATE TABLE `PROTOCOL_MAPPER` (
  `ID` VARCHAR(36) NOT NULL,
  `NAME` VARCHAR(255) NOT NULL,
  `PROTOCOL` VARCHAR(255) NOT NULL,
  `PROTOCOL_MAPPER_NAME` VARCHAR(255) NOT NULL,
  `CONSENT_REQUIRED` BIT(1) NOT NULL DEFAULT B'0',
  `CONSENT_TEXT` VARCHAR(255) DEFAULT NULL,
  `CLIENT_ID` VARCHAR(36) DEFAULT NULL,
  `CLIENT_TEMPLATE_ID` VARCHAR(36) DEFAULT NULL,
  PRIMARY KEY (`ID`),
  KEY `IDX_PROTOCOL_MAPPER_CLIENT` (`CLIENT_ID`),
  KEY `IDX_PROTO_MAPP_CLIENT_TEMPL` (`CLIENT_TEMPLATE_ID`),
  CONSTRAINT `FK_CLI_TMPLT_MAPPER` FOREIGN KEY (`CLIENT_TEMPLATE_ID`) REFERENCES `CLIENT_TEMPLATE` (`ID`),
  CONSTRAINT `FK_PCM_REALM` FOREIGN KEY (`CLIENT_ID`) REFERENCES `CLIENT` (`ID`)
) ENGINE=INNODB DEFAULT CHARSET=LATIN1;
/*!40101 SET CHARACTER_SET_CLIENT = @SAVED_CS_CLIENT */;

--
-- DUMPING DATA FOR TABLE `PROTOCOL_MAPPER`
--

LOCK TABLES `PROTOCOL_MAPPER` WRITE;
/*!40000 ALTER TABLE `PROTOCOL_MAPPER` DISABLE KEYS */;
INSERT INTO `PROTOCOL_MAPPER` VALUES ('08F77789-43E8-4223-BD31-0C3625A8D5FA','FULL NAME','OPENID-CONNECT','OIDC-FULL-NAME-MAPPER','','${FULLNAME}','5F13E721-7299-4BF3-BA1B-D63CC748C745',NULL),('0A874AD6-ADB0-4D5E-9198-4A4AAFFC01E1','FAMILY NAME','OPENID-CONNECT','OIDC-USERMODEL-PROPERTY-MAPPER','','${FAMILYNAME}','F1190C36-8BF6-4BDB-B234-911205404F10',NULL),('0D2B2D2A-AA2E-4459-AA22-635633290B18','GIVEN NAME','OPENID-CONNECT','OIDC-USERMODEL-PROPERTY-MAPPER','','${GIVENNAME}','28A1639E-1FBC-448D-A3CC-52A9B546D97C',NULL),('115F808F-F0C0-448D-B8A1-89643EBA40F6','ROLE LIST','SAML','SAML-ROLE-LIST-MAPPER','\0',NULL,'A097118B-A906-4FB5-A22E-2B3877385C1C',NULL),('17DFDB08-D703-4392-ABF4-2DD901FEC64F','LOCALE','OPENID-CONNECT','OIDC-USERMODEL-ATTRIBUTE-MAPPER','\0','${LOCALE}','5F13E721-7299-4BF3-BA1B-D63CC748C745',NULL),('1B3FF273-9C01-434C-950A-0879D25C09ED','GIVEN NAME','OPENID-CONNECT','OIDC-USERMODEL-PROPERTY-MAPPER','','${GIVENNAME}','A097118B-A906-4FB5-A22E-2B3877385C1C',NULL),('1CAFBECE-52BB-4C3E-980E-302E5A8B98D5','ROLE LIST','SAML','SAML-ROLE-LIST-MAPPER','\0',NULL,'ACD01CD8-D247-4C26-93B4-28B6B7F5FC99',NULL),('1D87C7C1-430D-442E-A3A2-1743DD768A4A','ROLE LIST','SAML','SAML-ROLE-LIST-MAPPER','\0',NULL,'28A1639E-1FBC-448D-A3CC-52A9B546D97C',NULL),('1E2E5448-268B-410E-BFBA-82317AB85A94','USERNAME','OPENID-CONNECT','OIDC-USERMODEL-PROPERTY-MAPPER','','${USERNAME}','5F13E721-7299-4BF3-BA1B-D63CC748C745',NULL),('255FB12B-4AD3-4D3F-BE3C-7F0607319406','FAMILY NAME','OPENID-CONNECT','OIDC-USERMODEL-PROPERTY-MAPPER','','${FAMILYNAME}','1EEBDCA0-35CC-4F05-BB9B-B7D61DB21D40',NULL),('2970DBAC-BF06-4C18-A971-D91BBA7E7E9A','ROLE LIST','SAML','SAML-ROLE-LIST-MAPPER','\0',NULL,'B84B01EC-AF1D-41DE-8CB3-3913ECAF19BF',NULL),('2A82C33C-3A6E-4CF3-A4C7-332AB35B31B1','LOCALE','OPENID-CONNECT','OIDC-USERMODEL-ATTRIBUTE-MAPPER','\0','${LOCALE}','0FDEC9CB-A617-4FFC-849F-B6FC9B6546DA',NULL),('2A9C9CD2-6511-4DAD-AF1A-7E8FC55339C5','EMAIL','OPENID-CONNECT','OIDC-USERMODEL-PROPERTY-MAPPER','','${EMAIL}','A6231366-5587-4FAC-9195-8A681AF153A3',NULL),('2B32469B-50CC-4B1B-8B9C-73743F8CEE88','EMAIL','OPENID-CONNECT','OIDC-USERMODEL-PROPERTY-MAPPER','','${EMAIL}','F1190C36-8BF6-4BDB-B234-911205404F10',NULL),('2CC9D82D-FB3B-405B-BB3A-B475A6F5C115','GIVEN NAME','OPENID-CONNECT','OIDC-USERMODEL-PROPERTY-MAPPER','','${GIVENNAME}','A6231366-5587-4FAC-9195-8A681AF153A3',NULL),('36F969AB-B12A-4C3D-A6F1-4C3D29352C7F','FAMILY NAME','OPENID-CONNECT','OIDC-USERMODEL-PROPERTY-MAPPER','','${FAMILYNAME}','8F23967F-AC45-4DB7-9915-11D712864F86',NULL),('39A5309F-697D-4092-8FD9-20F16F4CD242','USERNAME','OPENID-CONNECT','OIDC-USERMODEL-PROPERTY-MAPPER','','${USERNAME}','C58709CD-79C1-46BD-B79F-CA7F96B40738',NULL),('3A8BC8B1-4A81-43FA-AD12-A285B2A65550','GIVEN NAME','OPENID-CONNECT','OIDC-USERMODEL-PROPERTY-MAPPER','','${GIVENNAME}','6C81EDF4-C690-493A-B1E8-48310B3ACAF1',NULL),('3BA39A68-1758-414A-BE34-34962AF6AEA6','GIVEN NAME','OPENID-CONNECT','OIDC-USERMODEL-PROPERTY-MAPPER','','${GIVENNAME}','5F13E721-7299-4BF3-BA1B-D63CC748C745',NULL),('3BDE149F-07B7-4B92-8139-B51AAC9831A8','FULL NAME','OPENID-CONNECT','OIDC-FULL-NAME-MAPPER','','${FULLNAME}','0FDEC9CB-A617-4FFC-849F-B6FC9B6546DA',NULL),('403B0CB7-8026-4BFF-8220-9F225766B0D2','FAMILY NAME','OPENID-CONNECT','OIDC-USERMODEL-PROPERTY-MAPPER','','${FAMILYNAME}','28A1639E-1FBC-448D-A3CC-52A9B546D97C',NULL),('44315739-5509-4EF1-AC8C-7603E4169CE8','FAMILY NAME','OPENID-CONNECT','OIDC-USERMODEL-PROPERTY-MAPPER','','${FAMILYNAME}','5F13E721-7299-4BF3-BA1B-D63CC748C745',NULL),('44BD2589-7D6B-4575-A256-13FE4E163E54','FULL NAME','OPENID-CONNECT','OIDC-FULL-NAME-MAPPER','','${FULLNAME}','A097118B-A906-4FB5-A22E-2B3877385C1C',NULL),('4A51104C-6A5F-4AEF-8E95-7BFF03FFCCC1','USERNAME','OPENID-CONNECT','OIDC-USERMODEL-PROPERTY-MAPPER','','${USERNAME}','6C81EDF4-C690-493A-B1E8-48310B3ACAF1',NULL),('4B066956-8A64-438C-BD3A-DFD504E0D86B','USERNAME','OPENID-CONNECT','OIDC-USERMODEL-PROPERTY-MAPPER','','${USERNAME}','1EEBDCA0-35CC-4F05-BB9B-B7D61DB21D40',NULL),('4F434D5B-3048-48AB-8508-796992B3A63A','GIVEN NAME','OPENID-CONNECT','OIDC-USERMODEL-PROPERTY-MAPPER','','${GIVENNAME}','8F23967F-AC45-4DB7-9915-11D712864F86',NULL),('5B636930-20DE-449F-A64F-9C294BCDC56E','ROLE LIST','SAML','SAML-ROLE-LIST-MAPPER','\0',NULL,'C58709CD-79C1-46BD-B79F-CA7F96B40738',NULL),('5DB151D0-B70C-44E6-89F4-4397F76B12A4','FAMILY NAME','OPENID-CONNECT','OIDC-USERMODEL-PROPERTY-MAPPER','','${FAMILYNAME}','A097118B-A906-4FB5-A22E-2B3877385C1C',NULL),('5DF71790-7EF7-4C3B-BD8E-01D6E9F8F287','FULL NAME','OPENID-CONNECT','OIDC-FULL-NAME-MAPPER','','${FULLNAME}','6C81EDF4-C690-493A-B1E8-48310B3ACAF1',NULL),('61B190E1-8A0E-4B69-8266-C55E2C7CD2EF','ROLE LIST','SAML','SAML-ROLE-LIST-MAPPER','\0',NULL,'6C81EDF4-C690-493A-B1E8-48310B3ACAF1',NULL),('64F2D5EB-9B92-420E-B854-FF0E44773A7C','EMAIL','OPENID-CONNECT','OIDC-USERMODEL-PROPERTY-MAPPER','','${EMAIL}','5F13E721-7299-4BF3-BA1B-D63CC748C745',NULL),('6A56F08E-1DEB-4B40-A849-45C3303E5828','GIVEN NAME','OPENID-CONNECT','OIDC-USERMODEL-PROPERTY-MAPPER','','${GIVENNAME}','F1190C36-8BF6-4BDB-B234-911205404F10',NULL),('73C441A8-BAF3-446F-AF53-A6FF0CE707D8','FULL NAME','OPENID-CONNECT','OIDC-FULL-NAME-MAPPER','','${FULLNAME}','28A1639E-1FBC-448D-A3CC-52A9B546D97C',NULL),('764A7706-D23F-470D-AB24-96ED6628120C','ROLE LIST','SAML','SAML-ROLE-LIST-MAPPER','\0',NULL,'5F13E721-7299-4BF3-BA1B-D63CC748C745',NULL),('7708E8D1-4905-4658-8736-6E1F2ADFEB76','USERNAME','OPENID-CONNECT','OIDC-USERMODEL-PROPERTY-MAPPER','','${USERNAME}','B84B01EC-AF1D-41DE-8CB3-3913ECAF19BF',NULL),('7A3AB595-56A7-4C72-B05C-E7F73923A777','ROLE LIST','SAML','SAML-ROLE-LIST-MAPPER','\0',NULL,'8F23967F-AC45-4DB7-9915-11D712864F86',NULL),('7BAE82C0-8D96-432B-A7D9-D1124FECF915','USERNAME','OPENID-CONNECT','OIDC-USERMODEL-PROPERTY-MAPPER','','${USERNAME}','28A1639E-1FBC-448D-A3CC-52A9B546D97C',NULL),('7DF0D3AA-F7FD-4122-8956-DF7EFA6BAF5B','EMAIL','OPENID-CONNECT','OIDC-USERMODEL-PROPERTY-MAPPER','','${EMAIL}','1EEBDCA0-35CC-4F05-BB9B-B7D61DB21D40',NULL),('8030EEA6-A945-4A7D-952E-A9F5693BE442','USERNAME','OPENID-CONNECT','OIDC-USERMODEL-PROPERTY-MAPPER','','${USERNAME}','A097118B-A906-4FB5-A22E-2B3877385C1C',NULL),('82B7D4E6-A647-424F-B781-408EE4DD7270','EMAIL','OPENID-CONNECT','OIDC-USERMODEL-PROPERTY-MAPPER','','${EMAIL}','ACD01CD8-D247-4C26-93B4-28B6B7F5FC99',NULL),('8608EF9C-2C52-4BBA-9676-C08C09F131CE','EMAIL','OPENID-CONNECT','OIDC-USERMODEL-PROPERTY-MAPPER','','${EMAIL}','8F23967F-AC45-4DB7-9915-11D712864F86',NULL),('8735F171-6BC6-41AE-B5A1-DDA4997E360E','USERNAME','OPENID-CONNECT','OIDC-USERMODEL-PROPERTY-MAPPER','','${USERNAME}','A518C7BB-F414-4AB0-BCD7-A49AC9B5465E',NULL),('87A48ABB-7ECE-4462-8E49-1CF3A5DF9FC6','EMAIL','OPENID-CONNECT','OIDC-USERMODEL-PROPERTY-MAPPER','','${EMAIL}','A097118B-A906-4FB5-A22E-2B3877385C1C',NULL),('8A976E9B-C785-458E-AC73-5C4C81169C57','GIVEN NAME','OPENID-CONNECT','OIDC-USERMODEL-PROPERTY-MAPPER','','${GIVENNAME}','C58709CD-79C1-46BD-B79F-CA7F96B40738',NULL),('8B7F983F-0829-4458-A803-D638FF4E13C6','GIVEN NAME','OPENID-CONNECT','OIDC-USERMODEL-PROPERTY-MAPPER','','${GIVENNAME}','ACD01CD8-D247-4C26-93B4-28B6B7F5FC99',NULL),('8FFC079C-5261-4528-972D-0469241E78A0','EMAIL','OPENID-CONNECT','OIDC-USERMODEL-PROPERTY-MAPPER','','${EMAIL}','0FDEC9CB-A617-4FFC-849F-B6FC9B6546DA',NULL),('97751500-5666-4CD1-B52E-7C06A94416BF','USERNAME','OPENID-CONNECT','OIDC-USERMODEL-PROPERTY-MAPPER','','${USERNAME}','A6231366-5587-4FAC-9195-8A681AF153A3',NULL),('983E4527-A145-400D-941D-540CDEADEF22','EMAIL','OPENID-CONNECT','OIDC-USERMODEL-PROPERTY-MAPPER','','${EMAIL}','A518C7BB-F414-4AB0-BCD7-A49AC9B5465E',NULL),('98988CED-E845-4D45-8AAD-2FB71BC5BA96','GIVEN NAME','OPENID-CONNECT','OIDC-USERMODEL-PROPERTY-MAPPER','','${GIVENNAME}','1EEBDCA0-35CC-4F05-BB9B-B7D61DB21D40',NULL),('9CA6394F-0622-4AF4-A071-0D9A339158EE','ROLE LIST','SAML','SAML-ROLE-LIST-MAPPER','\0',NULL,'1EEBDCA0-35CC-4F05-BB9B-B7D61DB21D40',NULL),('A1489C0F-A4B2-4703-B466-12263174CD55','FAMILY NAME','OPENID-CONNECT','OIDC-USERMODEL-PROPERTY-MAPPER','','${FAMILYNAME}','C58709CD-79C1-46BD-B79F-CA7F96B40738',NULL),('A4307517-B58E-40BC-A900-DD33115FCA2A','GIVEN NAME','OPENID-CONNECT','OIDC-USERMODEL-PROPERTY-MAPPER','','${GIVENNAME}','B84B01EC-AF1D-41DE-8CB3-3913ECAF19BF',NULL),('A5F9AE84-38CD-4D59-B4F0-82302BE508CA','FAMILY NAME','OPENID-CONNECT','OIDC-USERMODEL-PROPERTY-MAPPER','','${FAMILYNAME}','B84B01EC-AF1D-41DE-8CB3-3913ECAF19BF',NULL),('AE01B078-A9AE-47F3-958F-C2F91C25D101','FULL NAME','OPENID-CONNECT','OIDC-FULL-NAME-MAPPER','','${FULLNAME}','A6231366-5587-4FAC-9195-8A681AF153A3',NULL),('B287F931-240C-452C-BDC5-EA7DF98D9B96','EMAIL','OPENID-CONNECT','OIDC-USERMODEL-PROPERTY-MAPPER','','${EMAIL}','B84B01EC-AF1D-41DE-8CB3-3913ECAF19BF',NULL),('B4EA96D6-060E-41A1-832F-66AD7E76275C','USERNAME','OPENID-CONNECT','OIDC-USERMODEL-PROPERTY-MAPPER','','${USERNAME}','F1190C36-8BF6-4BDB-B234-911205404F10',NULL),('B6FCACB3-0516-483D-935F-61431A6800E2','FAMILY NAME','OPENID-CONNECT','OIDC-USERMODEL-PROPERTY-MAPPER','','${FAMILYNAME}','ACD01CD8-D247-4C26-93B4-28B6B7F5FC99',NULL),('B94D7516-B965-4B69-BCD5-BDD23CEFE3E0','USERNAME','OPENID-CONNECT','OIDC-USERMODEL-PROPERTY-MAPPER','','${USERNAME}','ACD01CD8-D247-4C26-93B4-28B6B7F5FC99',NULL),('B9913068-B018-42ED-B4A0-7975ED2B07DA','FAMILY NAME','OPENID-CONNECT','OIDC-USERMODEL-PROPERTY-MAPPER','','${FAMILYNAME}','6C81EDF4-C690-493A-B1E8-48310B3ACAF1',NULL),('BC976301-FDCE-4C5E-AEEA-CDF3412CFF86','FULL NAME','OPENID-CONNECT','OIDC-FULL-NAME-MAPPER','','${FULLNAME}','B84B01EC-AF1D-41DE-8CB3-3913ECAF19BF',NULL),('BCC6E24F-C3CF-4991-9944-36C5C2B49171','ROLE LIST','SAML','SAML-ROLE-LIST-MAPPER','\0',NULL,'A6231366-5587-4FAC-9195-8A681AF153A3',NULL),('BCF76C9C-3539-4370-9E27-0A6D62371A75','FAMILY NAME','OPENID-CONNECT','OIDC-USERMODEL-PROPERTY-MAPPER','','${FAMILYNAME}','A518C7BB-F414-4AB0-BCD7-A49AC9B5465E',NULL),('BD616CB3-2D2F-40D6-AABD-406A9672136E','FULL NAME','OPENID-CONNECT','OIDC-FULL-NAME-MAPPER','','${FULLNAME}','1EEBDCA0-35CC-4F05-BB9B-B7D61DB21D40',NULL),('CCE2DF76-E2C8-4552-A162-042C8378323C','USERNAME','OPENID-CONNECT','OIDC-USERMODEL-PROPERTY-MAPPER','','${USERNAME}','8F23967F-AC45-4DB7-9915-11D712864F86',NULL),('CEECFCC2-4D31-4EAE-BF3F-87E8795954CC','ROLE LIST','SAML','SAML-ROLE-LIST-MAPPER','\0',NULL,'0FDEC9CB-A617-4FFC-849F-B6FC9B6546DA',NULL),('D04F38DF-E9FA-4F1E-A133-9FFAF1B849BD','GIVEN NAME','OPENID-CONNECT','OIDC-USERMODEL-PROPERTY-MAPPER','','${GIVENNAME}','0FDEC9CB-A617-4FFC-849F-B6FC9B6546DA',NULL),('D2035E29-E206-4948-A535-5E5C60F06FE0','FULL NAME','OPENID-CONNECT','OIDC-FULL-NAME-MAPPER','','${FULLNAME}','F1190C36-8BF6-4BDB-B234-911205404F10',NULL),('D25F6405-C2C0-4482-A366-291DF98952CD','ROLE LIST','SAML','SAML-ROLE-LIST-MAPPER','\0',NULL,'F1190C36-8BF6-4BDB-B234-911205404F10',NULL),('D267657E-8D57-4744-AC9A-E4C1F760B887','FULL NAME','OPENID-CONNECT','OIDC-FULL-NAME-MAPPER','','${FULLNAME}','C58709CD-79C1-46BD-B79F-CA7F96B40738',NULL),('D5A8367B-05C8-474F-B799-4584D58E8340','EMAIL','OPENID-CONNECT','OIDC-USERMODEL-PROPERTY-MAPPER','','${EMAIL}','C58709CD-79C1-46BD-B79F-CA7F96B40738',NULL),('DA38AD2D-36D5-4A2F-BE60-CC906D16A340','GIVEN NAME','OPENID-CONNECT','OIDC-USERMODEL-PROPERTY-MAPPER','','${GIVENNAME}','A518C7BB-F414-4AB0-BCD7-A49AC9B5465E',NULL),('DA6ED7DF-1878-49B8-BFAA-295481049CCA','FULL NAME','OPENID-CONNECT','OIDC-FULL-NAME-MAPPER','','${FULLNAME}','8F23967F-AC45-4DB7-9915-11D712864F86',NULL),('DEE8EA24-9329-403D-9374-4583E3341B6A','FAMILY NAME','OPENID-CONNECT','OIDC-USERMODEL-PROPERTY-MAPPER','','${FAMILYNAME}','0FDEC9CB-A617-4FFC-849F-B6FC9B6546DA',NULL),('E01692DF-FD55-484C-BA20-4468285D9B88','ROLE LIST','SAML','SAML-ROLE-LIST-MAPPER','\0',NULL,'A518C7BB-F414-4AB0-BCD7-A49AC9B5465E',NULL),('E1D53E7A-1C49-4745-BD62-5469F7602885','EMAIL','OPENID-CONNECT','OIDC-USERMODEL-PROPERTY-MAPPER','','${EMAIL}','28A1639E-1FBC-448D-A3CC-52A9B546D97C',NULL),('E718D60D-14DB-469A-8CBA-31D8E996D9C7','FAMILY NAME','OPENID-CONNECT','OIDC-USERMODEL-PROPERTY-MAPPER','','${FAMILYNAME}','A6231366-5587-4FAC-9195-8A681AF153A3',NULL),('E96232BE-24ED-4935-97CE-4C25EE52C964','FULL NAME','OPENID-CONNECT','OIDC-FULL-NAME-MAPPER','','${FULLNAME}','A518C7BB-F414-4AB0-BCD7-A49AC9B5465E',NULL),('EFB7BE4D-8598-4230-909B-5F7713B7EB8C','USERNAME','OPENID-CONNECT','OIDC-USERMODEL-PROPERTY-MAPPER','','${USERNAME}','0FDEC9CB-A617-4FFC-849F-B6FC9B6546DA',NULL),('F0E6E4E0-DA73-4ADD-BB37-D59DEFAA6AC5','EMAIL','OPENID-CONNECT','OIDC-USERMODEL-PROPERTY-MAPPER','','${EMAIL}','6C81EDF4-C690-493A-B1E8-48310B3ACAF1',NULL),('F764B54E-1F8E-49DF-9089-664570A754DB','FULL NAME','OPENID-CONNECT','OIDC-FULL-NAME-MAPPER','','${FULLNAME}','ACD01CD8-D247-4C26-93B4-28B6B7F5FC99',NULL);
/*!40000 ALTER TABLE `PROTOCOL_MAPPER` ENABLE KEYS */;
UNLOCK TABLES;

--
-- TABLE STRUCTURE FOR TABLE `PROTOCOL_MAPPER_CONFIG`
--

DROP TABLE IF EXISTS `PROTOCOL_MAPPER_CONFIG`;
/*!40101 SET @SAVED_CS_CLIENT     = @@CHARACTER_SET_CLIENT */;
/*!40101 SET CHARACTER_SET_CLIENT = UTF8 */;
CREATE TABLE `PROTOCOL_MAPPER_CONFIG` (
  `PROTOCOL_MAPPER_ID` VARCHAR(36) NOT NULL,
  `VALUE` LONGTEXT,
  `NAME` VARCHAR(255) NOT NULL,
  PRIMARY KEY (`PROTOCOL_MAPPER_ID`,`NAME`),
  CONSTRAINT `FK_PMCONFIG` FOREIGN KEY (`PROTOCOL_MAPPER_ID`) REFERENCES `PROTOCOL_MAPPER` (`ID`)
) ENGINE=INNODB DEFAULT CHARSET=LATIN1;
/*!40101 SET CHARACTER_SET_CLIENT = @SAVED_CS_CLIENT */;

--
-- DUMPING DATA FOR TABLE `PROTOCOL_MAPPER_CONFIG`
--

LOCK TABLES `PROTOCOL_MAPPER_CONFIG` WRITE;
/*!40000 ALTER TABLE `PROTOCOL_MAPPER_CONFIG` DISABLE KEYS */;
INSERT INTO `PROTOCOL_MAPPER_CONFIG` VALUES ('08F77789-43E8-4223-BD31-0C3625A8D5FA','TRUE','ACCESS.TOKEN.CLAIM'),('08F77789-43E8-4223-BD31-0C3625A8D5FA','TRUE','ID.TOKEN.CLAIM'),('0A874AD6-ADB0-4D5E-9198-4A4AAFFC01E1','TRUE','ACCESS.TOKEN.CLAIM'),('0A874AD6-ADB0-4D5E-9198-4A4AAFFC01E1','FAMILY_NAME','CLAIM.NAME'),('0A874AD6-ADB0-4D5E-9198-4A4AAFFC01E1','TRUE','ID.TOKEN.CLAIM'),('0A874AD6-ADB0-4D5E-9198-4A4AAFFC01E1','STRING','JSONTYPE.LABEL'),('0A874AD6-ADB0-4D5E-9198-4A4AAFFC01E1','LASTNAME','USER.ATTRIBUTE'),('0A874AD6-ADB0-4D5E-9198-4A4AAFFC01E1','TRUE','USERINFO.TOKEN.CLAIM'),('0D2B2D2A-AA2E-4459-AA22-635633290B18','TRUE','ACCESS.TOKEN.CLAIM'),('0D2B2D2A-AA2E-4459-AA22-635633290B18','GIVEN_NAME','CLAIM.NAME'),('0D2B2D2A-AA2E-4459-AA22-635633290B18','TRUE','ID.TOKEN.CLAIM'),('0D2B2D2A-AA2E-4459-AA22-635633290B18','STRING','JSONTYPE.LABEL'),('0D2B2D2A-AA2E-4459-AA22-635633290B18','FIRSTNAME','USER.ATTRIBUTE'),('0D2B2D2A-AA2E-4459-AA22-635633290B18','TRUE','USERINFO.TOKEN.CLAIM'),('115F808F-F0C0-448D-B8A1-89643EBA40F6','ROLE','ATTRIBUTE.NAME'),('115F808F-F0C0-448D-B8A1-89643EBA40F6','BASIC','ATTRIBUTE.NAMEFORMAT'),('115F808F-F0C0-448D-B8A1-89643EBA40F6','FALSE','SINGLE'),('17DFDB08-D703-4392-ABF4-2DD901FEC64F','TRUE','ACCESS.TOKEN.CLAIM'),('17DFDB08-D703-4392-ABF4-2DD901FEC64F','LOCALE','CLAIM.NAME'),('17DFDB08-D703-4392-ABF4-2DD901FEC64F','TRUE','ID.TOKEN.CLAIM'),('17DFDB08-D703-4392-ABF4-2DD901FEC64F','STRING','JSONTYPE.LABEL'),('17DFDB08-D703-4392-ABF4-2DD901FEC64F','LOCALE','USER.ATTRIBUTE'),('17DFDB08-D703-4392-ABF4-2DD901FEC64F','TRUE','USERINFO.TOKEN.CLAIM'),('1B3FF273-9C01-434C-950A-0879D25C09ED','TRUE','ACCESS.TOKEN.CLAIM'),('1B3FF273-9C01-434C-950A-0879D25C09ED','GIVEN_NAME','CLAIM.NAME'),('1B3FF273-9C01-434C-950A-0879D25C09ED','TRUE','ID.TOKEN.CLAIM'),('1B3FF273-9C01-434C-950A-0879D25C09ED','STRING','JSONTYPE.LABEL'),('1B3FF273-9C01-434C-950A-0879D25C09ED','FIRSTNAME','USER.ATTRIBUTE'),('1B3FF273-9C01-434C-950A-0879D25C09ED','TRUE','USERINFO.TOKEN.CLAIM'),('1CAFBECE-52BB-4C3E-980E-302E5A8B98D5','ROLE','ATTRIBUTE.NAME'),('1CAFBECE-52BB-4C3E-980E-302E5A8B98D5','BASIC','ATTRIBUTE.NAMEFORMAT'),('1CAFBECE-52BB-4C3E-980E-302E5A8B98D5','FALSE','SINGLE'),('1D87C7C1-430D-442E-A3A2-1743DD768A4A','ROLE','ATTRIBUTE.NAME'),('1D87C7C1-430D-442E-A3A2-1743DD768A4A','BASIC','ATTRIBUTE.NAMEFORMAT'),('1D87C7C1-430D-442E-A3A2-1743DD768A4A','FALSE','SINGLE'),('1E2E5448-268B-410E-BFBA-82317AB85A94','TRUE','ACCESS.TOKEN.CLAIM'),('1E2E5448-268B-410E-BFBA-82317AB85A94','PREFERRED_USERNAME','CLAIM.NAME'),('1E2E5448-268B-410E-BFBA-82317AB85A94','TRUE','ID.TOKEN.CLAIM'),('1E2E5448-268B-410E-BFBA-82317AB85A94','STRING','JSONTYPE.LABEL'),('1E2E5448-268B-410E-BFBA-82317AB85A94','USERNAME','USER.ATTRIBUTE'),('1E2E5448-268B-410E-BFBA-82317AB85A94','TRUE','USERINFO.TOKEN.CLAIM'),('255FB12B-4AD3-4D3F-BE3C-7F0607319406','TRUE','ACCESS.TOKEN.CLAIM'),('255FB12B-4AD3-4D3F-BE3C-7F0607319406','FAMILY_NAME','CLAIM.NAME'),('255FB12B-4AD3-4D3F-BE3C-7F0607319406','TRUE','ID.TOKEN.CLAIM'),('255FB12B-4AD3-4D3F-BE3C-7F0607319406','STRING','JSONTYPE.LABEL'),('255FB12B-4AD3-4D3F-BE3C-7F0607319406','LASTNAME','USER.ATTRIBUTE'),('255FB12B-4AD3-4D3F-BE3C-7F0607319406','TRUE','USERINFO.TOKEN.CLAIM'),('2970DBAC-BF06-4C18-A971-D91BBA7E7E9A','ROLE','ATTRIBUTE.NAME'),('2970DBAC-BF06-4C18-A971-D91BBA7E7E9A','BASIC','ATTRIBUTE.NAMEFORMAT'),('2970DBAC-BF06-4C18-A971-D91BBA7E7E9A','FALSE','SINGLE'),('2A82C33C-3A6E-4CF3-A4C7-332AB35B31B1','TRUE','ACCESS.TOKEN.CLAIM'),('2A82C33C-3A6E-4CF3-A4C7-332AB35B31B1','LOCALE','CLAIM.NAME'),('2A82C33C-3A6E-4CF3-A4C7-332AB35B31B1','TRUE','ID.TOKEN.CLAIM'),('2A82C33C-3A6E-4CF3-A4C7-332AB35B31B1','STRING','JSONTYPE.LABEL'),('2A82C33C-3A6E-4CF3-A4C7-332AB35B31B1','LOCALE','USER.ATTRIBUTE'),('2A82C33C-3A6E-4CF3-A4C7-332AB35B31B1','TRUE','USERINFO.TOKEN.CLAIM'),('2A9C9CD2-6511-4DAD-AF1A-7E8FC55339C5','TRUE','ACCESS.TOKEN.CLAIM'),('2A9C9CD2-6511-4DAD-AF1A-7E8FC55339C5','EMAIL','CLAIM.NAME'),('2A9C9CD2-6511-4DAD-AF1A-7E8FC55339C5','TRUE','ID.TOKEN.CLAIM'),('2A9C9CD2-6511-4DAD-AF1A-7E8FC55339C5','STRING','JSONTYPE.LABEL'),('2A9C9CD2-6511-4DAD-AF1A-7E8FC55339C5','EMAIL','USER.ATTRIBUTE'),('2A9C9CD2-6511-4DAD-AF1A-7E8FC55339C5','TRUE','USERINFO.TOKEN.CLAIM'),('2B32469B-50CC-4B1B-8B9C-73743F8CEE88','TRUE','ACCESS.TOKEN.CLAIM'),('2B32469B-50CC-4B1B-8B9C-73743F8CEE88','EMAIL','CLAIM.NAME'),('2B32469B-50CC-4B1B-8B9C-73743F8CEE88','TRUE','ID.TOKEN.CLAIM'),('2B32469B-50CC-4B1B-8B9C-73743F8CEE88','STRING','JSONTYPE.LABEL'),('2B32469B-50CC-4B1B-8B9C-73743F8CEE88','EMAIL','USER.ATTRIBUTE'),('2B32469B-50CC-4B1B-8B9C-73743F8CEE88','TRUE','USERINFO.TOKEN.CLAIM'),('2CC9D82D-FB3B-405B-BB3A-B475A6F5C115','TRUE','ACCESS.TOKEN.CLAIM'),('2CC9D82D-FB3B-405B-BB3A-B475A6F5C115','GIVEN_NAME','CLAIM.NAME'),('2CC9D82D-FB3B-405B-BB3A-B475A6F5C115','TRUE','ID.TOKEN.CLAIM'),('2CC9D82D-FB3B-405B-BB3A-B475A6F5C115','STRING','JSONTYPE.LABEL'),('2CC9D82D-FB3B-405B-BB3A-B475A6F5C115','FIRSTNAME','USER.ATTRIBUTE'),('2CC9D82D-FB3B-405B-BB3A-B475A6F5C115','TRUE','USERINFO.TOKEN.CLAIM'),('36F969AB-B12A-4C3D-A6F1-4C3D29352C7F','TRUE','ACCESS.TOKEN.CLAIM'),('36F969AB-B12A-4C3D-A6F1-4C3D29352C7F','FAMILY_NAME','CLAIM.NAME'),('36F969AB-B12A-4C3D-A6F1-4C3D29352C7F','TRUE','ID.TOKEN.CLAIM'),('36F969AB-B12A-4C3D-A6F1-4C3D29352C7F','STRING','JSONTYPE.LABEL'),('36F969AB-B12A-4C3D-A6F1-4C3D29352C7F','LASTNAME','USER.ATTRIBUTE'),('36F969AB-B12A-4C3D-A6F1-4C3D29352C7F','TRUE','USERINFO.TOKEN.CLAIM'),('39A5309F-697D-4092-8FD9-20F16F4CD242','TRUE','ACCESS.TOKEN.CLAIM'),('39A5309F-697D-4092-8FD9-20F16F4CD242','PREFERRED_USERNAME','CLAIM.NAME'),('39A5309F-697D-4092-8FD9-20F16F4CD242','TRUE','ID.TOKEN.CLAIM'),('39A5309F-697D-4092-8FD9-20F16F4CD242','STRING','JSONTYPE.LABEL'),('39A5309F-697D-4092-8FD9-20F16F4CD242','USERNAME','USER.ATTRIBUTE'),('39A5309F-697D-4092-8FD9-20F16F4CD242','TRUE','USERINFO.TOKEN.CLAIM'),('3A8BC8B1-4A81-43FA-AD12-A285B2A65550','TRUE','ACCESS.TOKEN.CLAIM'),('3A8BC8B1-4A81-43FA-AD12-A285B2A65550','GIVEN_NAME','CLAIM.NAME'),('3A8BC8B1-4A81-43FA-AD12-A285B2A65550','TRUE','ID.TOKEN.CLAIM'),('3A8BC8B1-4A81-43FA-AD12-A285B2A65550','STRING','JSONTYPE.LABEL'),('3A8BC8B1-4A81-43FA-AD12-A285B2A65550','FIRSTNAME','USER.ATTRIBUTE'),('3A8BC8B1-4A81-43FA-AD12-A285B2A65550','TRUE','USERINFO.TOKEN.CLAIM'),('3BA39A68-1758-414A-BE34-34962AF6AEA6','TRUE','ACCESS.TOKEN.CLAIM'),('3BA39A68-1758-414A-BE34-34962AF6AEA6','GIVEN_NAME','CLAIM.NAME'),('3BA39A68-1758-414A-BE34-34962AF6AEA6','TRUE','ID.TOKEN.CLAIM'),('3BA39A68-1758-414A-BE34-34962AF6AEA6','STRING','JSONTYPE.LABEL'),('3BA39A68-1758-414A-BE34-34962AF6AEA6','FIRSTNAME','USER.ATTRIBUTE'),('3BA39A68-1758-414A-BE34-34962AF6AEA6','TRUE','USERINFO.TOKEN.CLAIM'),('3BDE149F-07B7-4B92-8139-B51AAC9831A8','TRUE','ACCESS.TOKEN.CLAIM'),('3BDE149F-07B7-4B92-8139-B51AAC9831A8','TRUE','ID.TOKEN.CLAIM'),('403B0CB7-8026-4BFF-8220-9F225766B0D2','TRUE','ACCESS.TOKEN.CLAIM'),('403B0CB7-8026-4BFF-8220-9F225766B0D2','FAMILY_NAME','CLAIM.NAME'),('403B0CB7-8026-4BFF-8220-9F225766B0D2','TRUE','ID.TOKEN.CLAIM'),('403B0CB7-8026-4BFF-8220-9F225766B0D2','STRING','JSONTYPE.LABEL'),('403B0CB7-8026-4BFF-8220-9F225766B0D2','LASTNAME','USER.ATTRIBUTE'),('403B0CB7-8026-4BFF-8220-9F225766B0D2','TRUE','USERINFO.TOKEN.CLAIM'),('44315739-5509-4EF1-AC8C-7603E4169CE8','TRUE','ACCESS.TOKEN.CLAIM'),('44315739-5509-4EF1-AC8C-7603E4169CE8','FAMILY_NAME','CLAIM.NAME'),('44315739-5509-4EF1-AC8C-7603E4169CE8','TRUE','ID.TOKEN.CLAIM'),('44315739-5509-4EF1-AC8C-7603E4169CE8','STRING','JSONTYPE.LABEL'),('44315739-5509-4EF1-AC8C-7603E4169CE8','LASTNAME','USER.ATTRIBUTE'),('44315739-5509-4EF1-AC8C-7603E4169CE8','TRUE','USERINFO.TOKEN.CLAIM'),('44BD2589-7D6B-4575-A256-13FE4E163E54','TRUE','ACCESS.TOKEN.CLAIM'),('44BD2589-7D6B-4575-A256-13FE4E163E54','TRUE','ID.TOKEN.CLAIM'),('4A51104C-6A5F-4AEF-8E95-7BFF03FFCCC1','TRUE','ACCESS.TOKEN.CLAIM'),('4A51104C-6A5F-4AEF-8E95-7BFF03FFCCC1','PREFERRED_USERNAME','CLAIM.NAME'),('4A51104C-6A5F-4AEF-8E95-7BFF03FFCCC1','TRUE','ID.TOKEN.CLAIM'),('4A51104C-6A5F-4AEF-8E95-7BFF03FFCCC1','STRING','JSONTYPE.LABEL'),('4A51104C-6A5F-4AEF-8E95-7BFF03FFCCC1','USERNAME','USER.ATTRIBUTE'),('4A51104C-6A5F-4AEF-8E95-7BFF03FFCCC1','TRUE','USERINFO.TOKEN.CLAIM'),('4B066956-8A64-438C-BD3A-DFD504E0D86B','TRUE','ACCESS.TOKEN.CLAIM'),('4B066956-8A64-438C-BD3A-DFD504E0D86B','PREFERRED_USERNAME','CLAIM.NAME'),('4B066956-8A64-438C-BD3A-DFD504E0D86B','TRUE','ID.TOKEN.CLAIM'),('4B066956-8A64-438C-BD3A-DFD504E0D86B','STRING','JSONTYPE.LABEL'),('4B066956-8A64-438C-BD3A-DFD504E0D86B','USERNAME','USER.ATTRIBUTE'),('4B066956-8A64-438C-BD3A-DFD504E0D86B','TRUE','USERINFO.TOKEN.CLAIM'),('4F434D5B-3048-48AB-8508-796992B3A63A','TRUE','ACCESS.TOKEN.CLAIM'),('4F434D5B-3048-48AB-8508-796992B3A63A','GIVEN_NAME','CLAIM.NAME'),('4F434D5B-3048-48AB-8508-796992B3A63A','TRUE','ID.TOKEN.CLAIM'),('4F434D5B-3048-48AB-8508-796992B3A63A','STRING','JSONTYPE.LABEL'),('4F434D5B-3048-48AB-8508-796992B3A63A','FIRSTNAME','USER.ATTRIBUTE'),('4F434D5B-3048-48AB-8508-796992B3A63A','TRUE','USERINFO.TOKEN.CLAIM'),('5B636930-20DE-449F-A64F-9C294BCDC56E','ROLE','ATTRIBUTE.NAME'),('5B636930-20DE-449F-A64F-9C294BCDC56E','BASIC','ATTRIBUTE.NAMEFORMAT'),('5B636930-20DE-449F-A64F-9C294BCDC56E','FALSE','SINGLE'),('5DB151D0-B70C-44E6-89F4-4397F76B12A4','TRUE','ACCESS.TOKEN.CLAIM'),('5DB151D0-B70C-44E6-89F4-4397F76B12A4','FAMILY_NAME','CLAIM.NAME'),('5DB151D0-B70C-44E6-89F4-4397F76B12A4','TRUE','ID.TOKEN.CLAIM'),('5DB151D0-B70C-44E6-89F4-4397F76B12A4','STRING','JSONTYPE.LABEL'),('5DB151D0-B70C-44E6-89F4-4397F76B12A4','LASTNAME','USER.ATTRIBUTE'),('5DB151D0-B70C-44E6-89F4-4397F76B12A4','TRUE','USERINFO.TOKEN.CLAIM'),('5DF71790-7EF7-4C3B-BD8E-01D6E9F8F287','TRUE','ACCESS.TOKEN.CLAIM'),('5DF71790-7EF7-4C3B-BD8E-01D6E9F8F287','TRUE','ID.TOKEN.CLAIM'),('61B190E1-8A0E-4B69-8266-C55E2C7CD2EF','ROLE','ATTRIBUTE.NAME'),('61B190E1-8A0E-4B69-8266-C55E2C7CD2EF','BASIC','ATTRIBUTE.NAMEFORMAT'),('61B190E1-8A0E-4B69-8266-C55E2C7CD2EF','FALSE','SINGLE'),('64F2D5EB-9B92-420E-B854-FF0E44773A7C','TRUE','ACCESS.TOKEN.CLAIM'),('64F2D5EB-9B92-420E-B854-FF0E44773A7C','EMAIL','CLAIM.NAME'),('64F2D5EB-9B92-420E-B854-FF0E44773A7C','TRUE','ID.TOKEN.CLAIM'),('64F2D5EB-9B92-420E-B854-FF0E44773A7C','STRING','JSONTYPE.LABEL'),('64F2D5EB-9B92-420E-B854-FF0E44773A7C','EMAIL','USER.ATTRIBUTE'),('64F2D5EB-9B92-420E-B854-FF0E44773A7C','TRUE','USERINFO.TOKEN.CLAIM'),('6A56F08E-1DEB-4B40-A849-45C3303E5828','TRUE','ACCESS.TOKEN.CLAIM'),('6A56F08E-1DEB-4B40-A849-45C3303E5828','GIVEN_NAME','CLAIM.NAME'),('6A56F08E-1DEB-4B40-A849-45C3303E5828','TRUE','ID.TOKEN.CLAIM'),('6A56F08E-1DEB-4B40-A849-45C3303E5828','STRING','JSONTYPE.LABEL'),('6A56F08E-1DEB-4B40-A849-45C3303E5828','FIRSTNAME','USER.ATTRIBUTE'),('6A56F08E-1DEB-4B40-A849-45C3303E5828','TRUE','USERINFO.TOKEN.CLAIM'),('73C441A8-BAF3-446F-AF53-A6FF0CE707D8','TRUE','ACCESS.TOKEN.CLAIM'),('73C441A8-BAF3-446F-AF53-A6FF0CE707D8','TRUE','ID.TOKEN.CLAIM'),('764A7706-D23F-470D-AB24-96ED6628120C','ROLE','ATTRIBUTE.NAME'),('764A7706-D23F-470D-AB24-96ED6628120C','BASIC','ATTRIBUTE.NAMEFORMAT'),('764A7706-D23F-470D-AB24-96ED6628120C','FALSE','SINGLE'),('7708E8D1-4905-4658-8736-6E1F2ADFEB76','TRUE','ACCESS.TOKEN.CLAIM'),('7708E8D1-4905-4658-8736-6E1F2ADFEB76','PREFERRED_USERNAME','CLAIM.NAME'),('7708E8D1-4905-4658-8736-6E1F2ADFEB76','TRUE','ID.TOKEN.CLAIM'),('7708E8D1-4905-4658-8736-6E1F2ADFEB76','STRING','JSONTYPE.LABEL'),('7708E8D1-4905-4658-8736-6E1F2ADFEB76','USERNAME','USER.ATTRIBUTE'),('7708E8D1-4905-4658-8736-6E1F2ADFEB76','TRUE','USERINFO.TOKEN.CLAIM'),('7A3AB595-56A7-4C72-B05C-E7F73923A777','ROLE','ATTRIBUTE.NAME'),('7A3AB595-56A7-4C72-B05C-E7F73923A777','BASIC','ATTRIBUTE.NAMEFORMAT'),('7A3AB595-56A7-4C72-B05C-E7F73923A777','FALSE','SINGLE'),('7BAE82C0-8D96-432B-A7D9-D1124FECF915','TRUE','ACCESS.TOKEN.CLAIM'),('7BAE82C0-8D96-432B-A7D9-D1124FECF915','PREFERRED_USERNAME','CLAIM.NAME'),('7BAE82C0-8D96-432B-A7D9-D1124FECF915','TRUE','ID.TOKEN.CLAIM'),('7BAE82C0-8D96-432B-A7D9-D1124FECF915','STRING','JSONTYPE.LABEL'),('7BAE82C0-8D96-432B-A7D9-D1124FECF915','USERNAME','USER.ATTRIBUTE'),('7BAE82C0-8D96-432B-A7D9-D1124FECF915','TRUE','USERINFO.TOKEN.CLAIM'),('7DF0D3AA-F7FD-4122-8956-DF7EFA6BAF5B','TRUE','ACCESS.TOKEN.CLAIM'),('7DF0D3AA-F7FD-4122-8956-DF7EFA6BAF5B','EMAIL','CLAIM.NAME'),('7DF0D3AA-F7FD-4122-8956-DF7EFA6BAF5B','TRUE','ID.TOKEN.CLAIM'),('7DF0D3AA-F7FD-4122-8956-DF7EFA6BAF5B','STRING','JSONTYPE.LABEL'),('7DF0D3AA-F7FD-4122-8956-DF7EFA6BAF5B','EMAIL','USER.ATTRIBUTE'),('7DF0D3AA-F7FD-4122-8956-DF7EFA6BAF5B','TRUE','USERINFO.TOKEN.CLAIM'),('8030EEA6-A945-4A7D-952E-A9F5693BE442','TRUE','ACCESS.TOKEN.CLAIM'),('8030EEA6-A945-4A7D-952E-A9F5693BE442','PREFERRED_USERNAME','CLAIM.NAME'),('8030EEA6-A945-4A7D-952E-A9F5693BE442','TRUE','ID.TOKEN.CLAIM'),('8030EEA6-A945-4A7D-952E-A9F5693BE442','STRING','JSONTYPE.LABEL'),('8030EEA6-A945-4A7D-952E-A9F5693BE442','USERNAME','USER.ATTRIBUTE'),('8030EEA6-A945-4A7D-952E-A9F5693BE442','TRUE','USERINFO.TOKEN.CLAIM'),('82B7D4E6-A647-424F-B781-408EE4DD7270','TRUE','ACCESS.TOKEN.CLAIM'),('82B7D4E6-A647-424F-B781-408EE4DD7270','EMAIL','CLAIM.NAME'),('82B7D4E6-A647-424F-B781-408EE4DD7270','TRUE','ID.TOKEN.CLAIM'),('82B7D4E6-A647-424F-B781-408EE4DD7270','STRING','JSONTYPE.LABEL'),('82B7D4E6-A647-424F-B781-408EE4DD7270','EMAIL','USER.ATTRIBUTE'),('82B7D4E6-A647-424F-B781-408EE4DD7270','TRUE','USERINFO.TOKEN.CLAIM'),('8608EF9C-2C52-4BBA-9676-C08C09F131CE','TRUE','ACCESS.TOKEN.CLAIM'),('8608EF9C-2C52-4BBA-9676-C08C09F131CE','EMAIL','CLAIM.NAME'),('8608EF9C-2C52-4BBA-9676-C08C09F131CE','TRUE','ID.TOKEN.CLAIM'),('8608EF9C-2C52-4BBA-9676-C08C09F131CE','STRING','JSONTYPE.LABEL'),('8608EF9C-2C52-4BBA-9676-C08C09F131CE','EMAIL','USER.ATTRIBUTE'),('8608EF9C-2C52-4BBA-9676-C08C09F131CE','TRUE','USERINFO.TOKEN.CLAIM'),('8735F171-6BC6-41AE-B5A1-DDA4997E360E','TRUE','ACCESS.TOKEN.CLAIM'),('8735F171-6BC6-41AE-B5A1-DDA4997E360E','PREFERRED_USERNAME','CLAIM.NAME'),('8735F171-6BC6-41AE-B5A1-DDA4997E360E','TRUE','ID.TOKEN.CLAIM'),('8735F171-6BC6-41AE-B5A1-DDA4997E360E','STRING','JSONTYPE.LABEL'),('8735F171-6BC6-41AE-B5A1-DDA4997E360E','USERNAME','USER.ATTRIBUTE'),('8735F171-6BC6-41AE-B5A1-DDA4997E360E','TRUE','USERINFO.TOKEN.CLAIM'),('87A48ABB-7ECE-4462-8E49-1CF3A5DF9FC6','TRUE','ACCESS.TOKEN.CLAIM'),('87A48ABB-7ECE-4462-8E49-1CF3A5DF9FC6','EMAIL','CLAIM.NAME'),('87A48ABB-7ECE-4462-8E49-1CF3A5DF9FC6','TRUE','ID.TOKEN.CLAIM'),('87A48ABB-7ECE-4462-8E49-1CF3A5DF9FC6','STRING','JSONTYPE.LABEL'),('87A48ABB-7ECE-4462-8E49-1CF3A5DF9FC6','EMAIL','USER.ATTRIBUTE'),('87A48ABB-7ECE-4462-8E49-1CF3A5DF9FC6','TRUE','USERINFO.TOKEN.CLAIM'),('8A976E9B-C785-458E-AC73-5C4C81169C57','TRUE','ACCESS.TOKEN.CLAIM'),('8A976E9B-C785-458E-AC73-5C4C81169C57','GIVEN_NAME','CLAIM.NAME'),('8A976E9B-C785-458E-AC73-5C4C81169C57','TRUE','ID.TOKEN.CLAIM'),('8A976E9B-C785-458E-AC73-5C4C81169C57','STRING','JSONTYPE.LABEL'),('8A976E9B-C785-458E-AC73-5C4C81169C57','FIRSTNAME','USER.ATTRIBUTE'),('8A976E9B-C785-458E-AC73-5C4C81169C57','TRUE','USERINFO.TOKEN.CLAIM'),('8B7F983F-0829-4458-A803-D638FF4E13C6','TRUE','ACCESS.TOKEN.CLAIM'),('8B7F983F-0829-4458-A803-D638FF4E13C6','GIVEN_NAME','CLAIM.NAME'),('8B7F983F-0829-4458-A803-D638FF4E13C6','TRUE','ID.TOKEN.CLAIM'),('8B7F983F-0829-4458-A803-D638FF4E13C6','STRING','JSONTYPE.LABEL'),('8B7F983F-0829-4458-A803-D638FF4E13C6','FIRSTNAME','USER.ATTRIBUTE'),('8B7F983F-0829-4458-A803-D638FF4E13C6','TRUE','USERINFO.TOKEN.CLAIM'),('8FFC079C-5261-4528-972D-0469241E78A0','TRUE','ACCESS.TOKEN.CLAIM'),('8FFC079C-5261-4528-972D-0469241E78A0','EMAIL','CLAIM.NAME'),('8FFC079C-5261-4528-972D-0469241E78A0','TRUE','ID.TOKEN.CLAIM'),('8FFC079C-5261-4528-972D-0469241E78A0','STRING','JSONTYPE.LABEL'),('8FFC079C-5261-4528-972D-0469241E78A0','EMAIL','USER.ATTRIBUTE'),('8FFC079C-5261-4528-972D-0469241E78A0','TRUE','USERINFO.TOKEN.CLAIM'),('97751500-5666-4CD1-B52E-7C06A94416BF','TRUE','ACCESS.TOKEN.CLAIM'),('97751500-5666-4CD1-B52E-7C06A94416BF','PREFERRED_USERNAME','CLAIM.NAME'),('97751500-5666-4CD1-B52E-7C06A94416BF','TRUE','ID.TOKEN.CLAIM'),('97751500-5666-4CD1-B52E-7C06A94416BF','STRING','JSONTYPE.LABEL'),('97751500-5666-4CD1-B52E-7C06A94416BF','USERNAME','USER.ATTRIBUTE'),('97751500-5666-4CD1-B52E-7C06A94416BF','TRUE','USERINFO.TOKEN.CLAIM'),('983E4527-A145-400D-941D-540CDEADEF22','TRUE','ACCESS.TOKEN.CLAIM'),('983E4527-A145-400D-941D-540CDEADEF22','EMAIL','CLAIM.NAME'),('983E4527-A145-400D-941D-540CDEADEF22','TRUE','ID.TOKEN.CLAIM'),('983E4527-A145-400D-941D-540CDEADEF22','STRING','JSONTYPE.LABEL'),('983E4527-A145-400D-941D-540CDEADEF22','EMAIL','USER.ATTRIBUTE'),('983E4527-A145-400D-941D-540CDEADEF22','TRUE','USERINFO.TOKEN.CLAIM'),('98988CED-E845-4D45-8AAD-2FB71BC5BA96','TRUE','ACCESS.TOKEN.CLAIM'),('98988CED-E845-4D45-8AAD-2FB71BC5BA96','GIVEN_NAME','CLAIM.NAME'),('98988CED-E845-4D45-8AAD-2FB71BC5BA96','TRUE','ID.TOKEN.CLAIM'),('98988CED-E845-4D45-8AAD-2FB71BC5BA96','STRING','JSONTYPE.LABEL'),('98988CED-E845-4D45-8AAD-2FB71BC5BA96','FIRSTNAME','USER.ATTRIBUTE'),('98988CED-E845-4D45-8AAD-2FB71BC5BA96','TRUE','USERINFO.TOKEN.CLAIM'),('9CA6394F-0622-4AF4-A071-0D9A339158EE','ROLE','ATTRIBUTE.NAME'),('9CA6394F-0622-4AF4-A071-0D9A339158EE','BASIC','ATTRIBUTE.NAMEFORMAT'),('9CA6394F-0622-4AF4-A071-0D9A339158EE','FALSE','SINGLE'),('A1489C0F-A4B2-4703-B466-12263174CD55','TRUE','ACCESS.TOKEN.CLAIM'),('A1489C0F-A4B2-4703-B466-12263174CD55','FAMILY_NAME','CLAIM.NAME'),('A1489C0F-A4B2-4703-B466-12263174CD55','TRUE','ID.TOKEN.CLAIM'),('A1489C0F-A4B2-4703-B466-12263174CD55','STRING','JSONTYPE.LABEL'),('A1489C0F-A4B2-4703-B466-12263174CD55','LASTNAME','USER.ATTRIBUTE'),('A1489C0F-A4B2-4703-B466-12263174CD55','TRUE','USERINFO.TOKEN.CLAIM'),('A4307517-B58E-40BC-A900-DD33115FCA2A','TRUE','ACCESS.TOKEN.CLAIM'),('A4307517-B58E-40BC-A900-DD33115FCA2A','GIVEN_NAME','CLAIM.NAME'),('A4307517-B58E-40BC-A900-DD33115FCA2A','TRUE','ID.TOKEN.CLAIM'),('A4307517-B58E-40BC-A900-DD33115FCA2A','STRING','JSONTYPE.LABEL'),('A4307517-B58E-40BC-A900-DD33115FCA2A','FIRSTNAME','USER.ATTRIBUTE'),('A4307517-B58E-40BC-A900-DD33115FCA2A','TRUE','USERINFO.TOKEN.CLAIM'),('A5F9AE84-38CD-4D59-B4F0-82302BE508CA','TRUE','ACCESS.TOKEN.CLAIM'),('A5F9AE84-38CD-4D59-B4F0-82302BE508CA','FAMILY_NAME','CLAIM.NAME'),('A5F9AE84-38CD-4D59-B4F0-82302BE508CA','TRUE','ID.TOKEN.CLAIM'),('A5F9AE84-38CD-4D59-B4F0-82302BE508CA','STRING','JSONTYPE.LABEL'),('A5F9AE84-38CD-4D59-B4F0-82302BE508CA','LASTNAME','USER.ATTRIBUTE'),('A5F9AE84-38CD-4D59-B4F0-82302BE508CA','TRUE','USERINFO.TOKEN.CLAIM'),('AE01B078-A9AE-47F3-958F-C2F91C25D101','TRUE','ACCESS.TOKEN.CLAIM'),('AE01B078-A9AE-47F3-958F-C2F91C25D101','TRUE','ID.TOKEN.CLAIM'),('B287F931-240C-452C-BDC5-EA7DF98D9B96','TRUE','ACCESS.TOKEN.CLAIM'),('B287F931-240C-452C-BDC5-EA7DF98D9B96','EMAIL','CLAIM.NAME'),('B287F931-240C-452C-BDC5-EA7DF98D9B96','TRUE','ID.TOKEN.CLAIM'),('B287F931-240C-452C-BDC5-EA7DF98D9B96','STRING','JSONTYPE.LABEL'),('B287F931-240C-452C-BDC5-EA7DF98D9B96','EMAIL','USER.ATTRIBUTE'),('B287F931-240C-452C-BDC5-EA7DF98D9B96','TRUE','USERINFO.TOKEN.CLAIM'),('B4EA96D6-060E-41A1-832F-66AD7E76275C','TRUE','ACCESS.TOKEN.CLAIM'),('B4EA96D6-060E-41A1-832F-66AD7E76275C','PREFERRED_USERNAME','CLAIM.NAME'),('B4EA96D6-060E-41A1-832F-66AD7E76275C','TRUE','ID.TOKEN.CLAIM'),('B4EA96D6-060E-41A1-832F-66AD7E76275C','STRING','JSONTYPE.LABEL'),('B4EA96D6-060E-41A1-832F-66AD7E76275C','USERNAME','USER.ATTRIBUTE'),('B4EA96D6-060E-41A1-832F-66AD7E76275C','TRUE','USERINFO.TOKEN.CLAIM'),('B6FCACB3-0516-483D-935F-61431A6800E2','TRUE','ACCESS.TOKEN.CLAIM'),('B6FCACB3-0516-483D-935F-61431A6800E2','FAMILY_NAME','CLAIM.NAME'),('B6FCACB3-0516-483D-935F-61431A6800E2','TRUE','ID.TOKEN.CLAIM'),('B6FCACB3-0516-483D-935F-61431A6800E2','STRING','JSONTYPE.LABEL'),('B6FCACB3-0516-483D-935F-61431A6800E2','LASTNAME','USER.ATTRIBUTE'),('B6FCACB3-0516-483D-935F-61431A6800E2','TRUE','USERINFO.TOKEN.CLAIM'),('B94D7516-B965-4B69-BCD5-BDD23CEFE3E0','TRUE','ACCESS.TOKEN.CLAIM'),('B94D7516-B965-4B69-BCD5-BDD23CEFE3E0','PREFERRED_USERNAME','CLAIM.NAME'),('B94D7516-B965-4B69-BCD5-BDD23CEFE3E0','TRUE','ID.TOKEN.CLAIM'),('B94D7516-B965-4B69-BCD5-BDD23CEFE3E0','STRING','JSONTYPE.LABEL'),('B94D7516-B965-4B69-BCD5-BDD23CEFE3E0','USERNAME','USER.ATTRIBUTE'),('B94D7516-B965-4B69-BCD5-BDD23CEFE3E0','TRUE','USERINFO.TOKEN.CLAIM'),('B9913068-B018-42ED-B4A0-7975ED2B07DA','TRUE','ACCESS.TOKEN.CLAIM'),('B9913068-B018-42ED-B4A0-7975ED2B07DA','FAMILY_NAME','CLAIM.NAME'),('B9913068-B018-42ED-B4A0-7975ED2B07DA','TRUE','ID.TOKEN.CLAIM'),('B9913068-B018-42ED-B4A0-7975ED2B07DA','STRING','JSONTYPE.LABEL'),('B9913068-B018-42ED-B4A0-7975ED2B07DA','LASTNAME','USER.ATTRIBUTE'),('B9913068-B018-42ED-B4A0-7975ED2B07DA','TRUE','USERINFO.TOKEN.CLAIM'),('BC976301-FDCE-4C5E-AEEA-CDF3412CFF86','TRUE','ACCESS.TOKEN.CLAIM'),('BC976301-FDCE-4C5E-AEEA-CDF3412CFF86','TRUE','ID.TOKEN.CLAIM'),('BCC6E24F-C3CF-4991-9944-36C5C2B49171','ROLE','ATTRIBUTE.NAME'),('BCC6E24F-C3CF-4991-9944-36C5C2B49171','BASIC','ATTRIBUTE.NAMEFORMAT'),('BCC6E24F-C3CF-4991-9944-36C5C2B49171','FALSE','SINGLE'),('BCF76C9C-3539-4370-9E27-0A6D62371A75','TRUE','ACCESS.TOKEN.CLAIM'),('BCF76C9C-3539-4370-9E27-0A6D62371A75','FAMILY_NAME','CLAIM.NAME'),('BCF76C9C-3539-4370-9E27-0A6D62371A75','TRUE','ID.TOKEN.CLAIM'),('BCF76C9C-3539-4370-9E27-0A6D62371A75','STRING','JSONTYPE.LABEL'),('BCF76C9C-3539-4370-9E27-0A6D62371A75','LASTNAME','USER.ATTRIBUTE'),('BCF76C9C-3539-4370-9E27-0A6D62371A75','TRUE','USERINFO.TOKEN.CLAIM'),('BD616CB3-2D2F-40D6-AABD-406A9672136E','TRUE','ACCESS.TOKEN.CLAIM'),('BD616CB3-2D2F-40D6-AABD-406A9672136E','TRUE','ID.TOKEN.CLAIM'),('CCE2DF76-E2C8-4552-A162-042C8378323C','TRUE','ACCESS.TOKEN.CLAIM'),('CCE2DF76-E2C8-4552-A162-042C8378323C','PREFERRED_USERNAME','CLAIM.NAME'),('CCE2DF76-E2C8-4552-A162-042C8378323C','TRUE','ID.TOKEN.CLAIM'),('CCE2DF76-E2C8-4552-A162-042C8378323C','STRING','JSONTYPE.LABEL'),('CCE2DF76-E2C8-4552-A162-042C8378323C','USERNAME','USER.ATTRIBUTE'),('CCE2DF76-E2C8-4552-A162-042C8378323C','TRUE','USERINFO.TOKEN.CLAIM'),('CEECFCC2-4D31-4EAE-BF3F-87E8795954CC','ROLE','ATTRIBUTE.NAME'),('CEECFCC2-4D31-4EAE-BF3F-87E8795954CC','BASIC','ATTRIBUTE.NAMEFORMAT'),('CEECFCC2-4D31-4EAE-BF3F-87E8795954CC','FALSE','SINGLE'),('D04F38DF-E9FA-4F1E-A133-9FFAF1B849BD','TRUE','ACCESS.TOKEN.CLAIM'),('D04F38DF-E9FA-4F1E-A133-9FFAF1B849BD','GIVEN_NAME','CLAIM.NAME'),('D04F38DF-E9FA-4F1E-A133-9FFAF1B849BD','TRUE','ID.TOKEN.CLAIM'),('D04F38DF-E9FA-4F1E-A133-9FFAF1B849BD','STRING','JSONTYPE.LABEL'),('D04F38DF-E9FA-4F1E-A133-9FFAF1B849BD','FIRSTNAME','USER.ATTRIBUTE'),('D04F38DF-E9FA-4F1E-A133-9FFAF1B849BD','TRUE','USERINFO.TOKEN.CLAIM'),('D2035E29-E206-4948-A535-5E5C60F06FE0','TRUE','ACCESS.TOKEN.CLAIM'),('D2035E29-E206-4948-A535-5E5C60F06FE0','TRUE','ID.TOKEN.CLAIM'),('D25F6405-C2C0-4482-A366-291DF98952CD','ROLE','ATTRIBUTE.NAME'),('D25F6405-C2C0-4482-A366-291DF98952CD','BASIC','ATTRIBUTE.NAMEFORMAT'),('D25F6405-C2C0-4482-A366-291DF98952CD','FALSE','SINGLE'),('D267657E-8D57-4744-AC9A-E4C1F760B887','TRUE','ACCESS.TOKEN.CLAIM'),('D267657E-8D57-4744-AC9A-E4C1F760B887','TRUE','ID.TOKEN.CLAIM'),('D5A8367B-05C8-474F-B799-4584D58E8340','TRUE','ACCESS.TOKEN.CLAIM'),('D5A8367B-05C8-474F-B799-4584D58E8340','EMAIL','CLAIM.NAME'),('D5A8367B-05C8-474F-B799-4584D58E8340','TRUE','ID.TOKEN.CLAIM'),('D5A8367B-05C8-474F-B799-4584D58E8340','STRING','JSONTYPE.LABEL'),('D5A8367B-05C8-474F-B799-4584D58E8340','EMAIL','USER.ATTRIBUTE'),('D5A8367B-05C8-474F-B799-4584D58E8340','TRUE','USERINFO.TOKEN.CLAIM'),('DA38AD2D-36D5-4A2F-BE60-CC906D16A340','TRUE','ACCESS.TOKEN.CLAIM'),('DA38AD2D-36D5-4A2F-BE60-CC906D16A340','GIVEN_NAME','CLAIM.NAME'),('DA38AD2D-36D5-4A2F-BE60-CC906D16A340','TRUE','ID.TOKEN.CLAIM'),('DA38AD2D-36D5-4A2F-BE60-CC906D16A340','STRING','JSONTYPE.LABEL'),('DA38AD2D-36D5-4A2F-BE60-CC906D16A340','FIRSTNAME','USER.ATTRIBUTE'),('DA38AD2D-36D5-4A2F-BE60-CC906D16A340','TRUE','USERINFO.TOKEN.CLAIM'),('DA6ED7DF-1878-49B8-BFAA-295481049CCA','TRUE','ACCESS.TOKEN.CLAIM'),('DA6ED7DF-1878-49B8-BFAA-295481049CCA','TRUE','ID.TOKEN.CLAIM'),('DEE8EA24-9329-403D-9374-4583E3341B6A','TRUE','ACCESS.TOKEN.CLAIM'),('DEE8EA24-9329-403D-9374-4583E3341B6A','FAMILY_NAME','CLAIM.NAME'),('DEE8EA24-9329-403D-9374-4583E3341B6A','TRUE','ID.TOKEN.CLAIM'),('DEE8EA24-9329-403D-9374-4583E3341B6A','STRING','JSONTYPE.LABEL'),('DEE8EA24-9329-403D-9374-4583E3341B6A','LASTNAME','USER.ATTRIBUTE'),('DEE8EA24-9329-403D-9374-4583E3341B6A','TRUE','USERINFO.TOKEN.CLAIM'),('E01692DF-FD55-484C-BA20-4468285D9B88','ROLE','ATTRIBUTE.NAME'),('E01692DF-FD55-484C-BA20-4468285D9B88','BASIC','ATTRIBUTE.NAMEFORMAT'),('E01692DF-FD55-484C-BA20-4468285D9B88','FALSE','SINGLE'),('E1D53E7A-1C49-4745-BD62-5469F7602885','TRUE','ACCESS.TOKEN.CLAIM'),('E1D53E7A-1C49-4745-BD62-5469F7602885','EMAIL','CLAIM.NAME'),('E1D53E7A-1C49-4745-BD62-5469F7602885','TRUE','ID.TOKEN.CLAIM'),('E1D53E7A-1C49-4745-BD62-5469F7602885','STRING','JSONTYPE.LABEL'),('E1D53E7A-1C49-4745-BD62-5469F7602885','EMAIL','USER.ATTRIBUTE'),('E1D53E7A-1C49-4745-BD62-5469F7602885','TRUE','USERINFO.TOKEN.CLAIM'),('E718D60D-14DB-469A-8CBA-31D8E996D9C7','TRUE','ACCESS.TOKEN.CLAIM'),('E718D60D-14DB-469A-8CBA-31D8E996D9C7','FAMILY_NAME','CLAIM.NAME'),('E718D60D-14DB-469A-8CBA-31D8E996D9C7','TRUE','ID.TOKEN.CLAIM'),('E718D60D-14DB-469A-8CBA-31D8E996D9C7','STRING','JSONTYPE.LABEL'),('E718D60D-14DB-469A-8CBA-31D8E996D9C7','LASTNAME','USER.ATTRIBUTE'),('E718D60D-14DB-469A-8CBA-31D8E996D9C7','TRUE','USERINFO.TOKEN.CLAIM'),('E96232BE-24ED-4935-97CE-4C25EE52C964','TRUE','ACCESS.TOKEN.CLAIM'),('E96232BE-24ED-4935-97CE-4C25EE52C964','TRUE','ID.TOKEN.CLAIM'),('EFB7BE4D-8598-4230-909B-5F7713B7EB8C','TRUE','ACCESS.TOKEN.CLAIM'),('EFB7BE4D-8598-4230-909B-5F7713B7EB8C','PREFERRED_USERNAME','CLAIM.NAME'),('EFB7BE4D-8598-4230-909B-5F7713B7EB8C','TRUE','ID.TOKEN.CLAIM'),('EFB7BE4D-8598-4230-909B-5F7713B7EB8C','STRING','JSONTYPE.LABEL'),('EFB7BE4D-8598-4230-909B-5F7713B7EB8C','USERNAME','USER.ATTRIBUTE'),('EFB7BE4D-8598-4230-909B-5F7713B7EB8C','TRUE','USERINFO.TOKEN.CLAIM'),('F0E6E4E0-DA73-4ADD-BB37-D59DEFAA6AC5','TRUE','ACCESS.TOKEN.CLAIM'),('F0E6E4E0-DA73-4ADD-BB37-D59DEFAA6AC5','EMAIL','CLAIM.NAME'),('F0E6E4E0-DA73-4ADD-BB37-D59DEFAA6AC5','TRUE','ID.TOKEN.CLAIM'),('F0E6E4E0-DA73-4ADD-BB37-D59DEFAA6AC5','STRING','JSONTYPE.LABEL'),('F0E6E4E0-DA73-4ADD-BB37-D59DEFAA6AC5','EMAIL','USER.ATTRIBUTE'),('F0E6E4E0-DA73-4ADD-BB37-D59DEFAA6AC5','TRUE','USERINFO.TOKEN.CLAIM'),('F764B54E-1F8E-49DF-9089-664570A754DB','TRUE','ACCESS.TOKEN.CLAIM'),('F764B54E-1F8E-49DF-9089-664570A754DB','TRUE','ID.TOKEN.CLAIM');
/*!40000 ALTER TABLE `PROTOCOL_MAPPER_CONFIG` ENABLE KEYS */;
UNLOCK TABLES;

--
-- TABLE STRUCTURE FOR TABLE `REALM`
--

DROP TABLE IF EXISTS `REALM`;
/*!40101 SET @SAVED_CS_CLIENT     = @@CHARACTER_SET_CLIENT */;
/*!40101 SET CHARACTER_SET_CLIENT = UTF8 */;
CREATE TABLE `REALM` (
  `ID` VARCHAR(36) NOT NULL,
  `ACCESS_CODE_LIFESPAN` INT(11) DEFAULT NULL,
  `USER_ACTION_LIFESPAN` INT(11) DEFAULT NULL,
  `ACCESS_TOKEN_LIFESPAN` INT(11) DEFAULT NULL,
  `ACCOUNT_THEME` VARCHAR(255) DEFAULT NULL,
  `ADMIN_THEME` VARCHAR(255) DEFAULT NULL,
  `EMAIL_THEME` VARCHAR(255) DEFAULT NULL,
  `ENABLED` BIT(1) NOT NULL DEFAULT B'0',
  `EVENTS_ENABLED` BIT(1) NOT NULL DEFAULT B'0',
  `EVENTS_EXPIRATION` BIGINT(20) DEFAULT NULL,
  `LOGIN_THEME` VARCHAR(255) DEFAULT NULL,
  `NAME` VARCHAR(255) DEFAULT NULL,
  `NOT_BEFORE` INT(11) DEFAULT NULL,
  `PASSWORD_POLICY` VARCHAR(2550) DEFAULT NULL,
  `REGISTRATION_ALLOWED` BIT(1) NOT NULL DEFAULT B'0',
  `REMEMBER_ME` BIT(1) NOT NULL DEFAULT B'0',
  `RESET_PASSWORD_ALLOWED` BIT(1) NOT NULL DEFAULT B'0',
  `SOCIAL` BIT(1) NOT NULL DEFAULT B'0',
  `SSL_REQUIRED` VARCHAR(255) DEFAULT NULL,
  `SSO_IDLE_TIMEOUT` INT(11) DEFAULT NULL,
  `SSO_MAX_LIFESPAN` INT(11) DEFAULT NULL,
  `UPDATE_PROFILE_ON_SOC_LOGIN` BIT(1) NOT NULL DEFAULT B'0',
  `VERIFY_EMAIL` BIT(1) NOT NULL DEFAULT B'0',
  `MASTER_ADMIN_CLIENT` VARCHAR(36) DEFAULT NULL,
  `LOGIN_LIFESPAN` INT(11) DEFAULT NULL,
  `INTERNATIONALIZATION_ENABLED` BIT(1) NOT NULL DEFAULT B'0',
  `DEFAULT_LOCALE` VARCHAR(255) DEFAULT NULL,
  `REG_EMAIL_AS_USERNAME` BIT(1) NOT NULL DEFAULT B'0',
  `ADMIN_EVENTS_ENABLED` BIT(1) NOT NULL DEFAULT B'0',
  `ADMIN_EVENTS_DETAILS_ENABLED` BIT(1) NOT NULL DEFAULT B'0',
  `EDIT_USERNAME_ALLOWED` BIT(1) NOT NULL DEFAULT B'0',
  `OTP_POLICY_COUNTER` INT(11) DEFAULT '0',
  `OTP_POLICY_WINDOW` INT(11) DEFAULT '1',
  `OTP_POLICY_PERIOD` INT(11) DEFAULT '30',
  `OTP_POLICY_DIGITS` INT(11) DEFAULT '6',
  `OTP_POLICY_ALG` VARCHAR(36) DEFAULT 'HMACSHA1',
  `OTP_POLICY_TYPE` VARCHAR(36) DEFAULT 'TOTP',
  `BROWSER_FLOW` VARCHAR(36) DEFAULT NULL,
  `REGISTRATION_FLOW` VARCHAR(36) DEFAULT NULL,
  `DIRECT_GRANT_FLOW` VARCHAR(36) DEFAULT NULL,
  `RESET_CREDENTIALS_FLOW` VARCHAR(36) DEFAULT NULL,
  `CLIENT_AUTH_FLOW` VARCHAR(36) DEFAULT NULL,
  `OFFLINE_SESSION_IDLE_TIMEOUT` INT(11) DEFAULT '0',
  `REVOKE_REFRESH_TOKEN` BIT(1) NOT NULL DEFAULT B'0',
  `ACCESS_TOKEN_LIFE_IMPLICIT` INT(11) DEFAULT '0',
  `LOGIN_WITH_EMAIL_ALLOWED` BIT(1) NOT NULL DEFAULT B'1',
  `DUPLICATE_EMAILS_ALLOWED` BIT(1) NOT NULL DEFAULT B'0',
  `DOCKER_AUTH_FLOW` VARCHAR(36) DEFAULT NULL,
  `REFRESH_TOKEN_MAX_REUSE` INT(11) DEFAULT '0',
  `ALLOW_USER_MANAGED_ACCESS` BIT(1) NOT NULL DEFAULT B'0',
  PRIMARY KEY (`ID`),
  UNIQUE KEY `UK_ORVSDMLA56612EAEFIQ6WL5OI` (`NAME`),
  KEY `IDX_REALM_MASTER_ADM_CLI` (`MASTER_ADMIN_CLIENT`),
  CONSTRAINT `FK_TRAF444KK6QRKMS7N56AIWQ5Y` FOREIGN KEY (`MASTER_ADMIN_CLIENT`) REFERENCES `CLIENT` (`ID`)
) ENGINE=INNODB DEFAULT CHARSET=LATIN1;
/*!40101 SET CHARACTER_SET_CLIENT = @SAVED_CS_CLIENT */;

--
-- DUMPING DATA FOR TABLE `REALM`
--

LOCK TABLES `REALM` WRITE;
/*!40000 ALTER TABLE `REALM` DISABLE KEYS */;
INSERT INTO `REALM` VALUES ('MASTER',60,300,60,NULL,NULL,NULL,'','\0',0,NULL,'MASTER',0,NULL,'\0','\0','\0','\0','EXTERNAL',1800,36000,'\0','\0','A518C7BB-F414-4AB0-BCD7-A49AC9B5465E',1800,'\0',NULL,'\0','\0','\0','\0',0,1,30,6,'HMACSHA1','TOTP','FD509F62-4F24-4BA9-8339-FB365E98A98C','8687CC07-24A1-46FF-9087-EB8B9F059336','7D728E79-9685-4E56-862A-45B8A3B2E34E','A9E686F5-811C-4AB2-9015-B69CCF88F906','7D74A7C1-E313-411F-A730-425D95D8FB46',2592000,'\0',900,'','\0','CE219C4B-408C-4ACB-967C-FDD824724E00',0,'\0'),('RSO',60,300,300,NULL,NULL,NULL,'','\0',0,NULL,'RSO',0,NULL,'\0','\0','\0','\0','EXTERNAL',1800,36000,'\0','\0','A6231366-5587-4FAC-9195-8A681AF153A3',1800,'\0',NULL,'\0','\0','\0','\0',0,1,30,6,'HMACSHA1','TOTP','C23E04B2-5DCC-43B8-BF0E-0DB39B02C534','49D6400F-D2CA-4D82-A4C5-3B23B404D072','E1085693-5EDE-43F0-A7E7-050CFC6553AE','F3317B37-199E-48FE-BAB5-FC6296BA5265','0D5307C1-D49B-4627-B2D5-AED28D6B4AD8',2592000,'\0',900,'','\0','981C788B-59C6-445C-B851-2C3D8FD51EF5',0,'\0');
/*!40000 ALTER TABLE `REALM` ENABLE KEYS */;
UNLOCK TABLES;

--
-- TABLE STRUCTURE FOR TABLE `REALM_ATTRIBUTE`
--

DROP TABLE IF EXISTS `REALM_ATTRIBUTE`;
/*!40101 SET @SAVED_CS_CLIENT     = @@CHARACTER_SET_CLIENT */;
/*!40101 SET CHARACTER_SET_CLIENT = UTF8 */;
CREATE TABLE `REALM_ATTRIBUTE` (
  `NAME` VARCHAR(255) NOT NULL,
  `VALUE` VARCHAR(255) CHARACTER SET UTF8 DEFAULT NULL,
  `REALM_ID` VARCHAR(36) NOT NULL,
  PRIMARY KEY (`NAME`,`REALM_ID`),
  KEY `IDX_REALM_ATTR_REALM` (`REALM_ID`),
  CONSTRAINT `FK_8SHXD6L3E9ATQUKACXGPFFPTW` FOREIGN KEY (`REALM_ID`) REFERENCES `REALM` (`ID`)
) ENGINE=INNODB DEFAULT CHARSET=LATIN1;
/*!40101 SET CHARACTER_SET_CLIENT = @SAVED_CS_CLIENT */;

--
-- DUMPING DATA FOR TABLE `REALM_ATTRIBUTE`
--

LOCK TABLES `REALM_ATTRIBUTE` WRITE;
/*!40000 ALTER TABLE `REALM_ATTRIBUTE` DISABLE KEYS */;
INSERT INTO `REALM_ATTRIBUTE` VALUES ('ACTIONTOKENGENERATEDBYADMINLIFESPAN','43200','RSO'),('ACTIONTOKENGENERATEDBYUSERLIFESPAN','300','RSO'),('BRUTEFORCEPROTECTED','FALSE','MASTER'),('BRUTEFORCEPROTECTED','FALSE','RSO'),('DISPLAYNAME','KEYCLOAK','MASTER'),('DISPLAYNAMEHTML','<DIV CLASS=\"KC-LOGO-TEXT\"><SPAN>KEYCLOAK</SPAN></DIV>','MASTER'),('FAILUREFACTOR','30','MASTER'),('FAILUREFACTOR','30','RSO'),('MAXDELTATIMESECONDS','43200','MASTER'),('MAXDELTATIMESECONDS','43200','RSO'),('MAXFAILUREWAITSECONDS','900','MASTER'),('MAXFAILUREWAITSECONDS','900','RSO'),('MINIMUMQUICKLOGINWAITSECONDS','60','MASTER'),('MINIMUMQUICKLOGINWAITSECONDS','60','RSO'),('PERMANENTLOCKOUT','FALSE','MASTER'),('PERMANENTLOCKOUT','FALSE','RSO'),('QUICKLOGINCHECKMILLISECONDS','1000','MASTER'),('QUICKLOGINCHECKMILLISECONDS','1000','RSO'),('WAITINCREMENTSECONDS','60','MASTER'),('WAITINCREMENTSECONDS','60','RSO'),('_BROWSER_HEADER.CONTENTSECURITYPOLICY','FRAME-SRC \'SELF\'; FRAME-ANCESTORS \'SELF\'; OBJECT-SRC \'NONE\';','MASTER'),('_BROWSER_HEADER.CONTENTSECURITYPOLICY','FRAME-SRC \'SELF\'; FRAME-ANCESTORS \'SELF\'; OBJECT-SRC \'NONE\';','RSO'),('_BROWSER_HEADER.STRICTTRANSPORTSECURITY','MAX-AGE=31536000; INCLUDESUBDOMAINS','MASTER'),('_BROWSER_HEADER.STRICTTRANSPORTSECURITY','MAX-AGE=31536000; INCLUDESUBDOMAINS','RSO'),('_BROWSER_HEADER.XCONTENTTYPEOPTIONS','NOSNIFF','MASTER'),('_BROWSER_HEADER.XCONTENTTYPEOPTIONS','NOSNIFF','RSO'),('_BROWSER_HEADER.XFRAMEOPTIONS','SAMEORIGIN','MASTER'),('_BROWSER_HEADER.XFRAMEOPTIONS','SAMEORIGIN','RSO'),('_BROWSER_HEADER.XROBOTSTAG','NONE','MASTER'),('_BROWSER_HEADER.XROBOTSTAG','NONE','RSO'),('_BROWSER_HEADER.XXSSPROTECTION','1; MODE=BLOCK','MASTER'),('_BROWSER_HEADER.XXSSPROTECTION','1; MODE=BLOCK','RSO');
/*!40000 ALTER TABLE `REALM_ATTRIBUTE` ENABLE KEYS */;
UNLOCK TABLES;

--
-- TABLE STRUCTURE FOR TABLE `REALM_DEFAULT_GROUPS`
--

DROP TABLE IF EXISTS `REALM_DEFAULT_GROUPS`;
/*!40101 SET @SAVED_CS_CLIENT     = @@CHARACTER_SET_CLIENT */;
/*!40101 SET CHARACTER_SET_CLIENT = UTF8 */;
CREATE TABLE `REALM_DEFAULT_GROUPS` (
  `REALM_ID` VARCHAR(36) NOT NULL,
  `GROUP_ID` VARCHAR(36) NOT NULL,
  PRIMARY KEY (`REALM_ID`,`GROUP_ID`),
  UNIQUE KEY `CON_GROUP_ID_DEF_GROUPS` (`GROUP_ID`),
  KEY `IDX_REALM_DEF_GRP_REALM` (`REALM_ID`),
  CONSTRAINT `FK_DEF_GROUPS_GROUP` FOREIGN KEY (`GROUP_ID`) REFERENCES `KEYCLOAK_GROUP` (`ID`),
  CONSTRAINT `FK_DEF_GROUPS_REALM` FOREIGN KEY (`REALM_ID`) REFERENCES `REALM` (`ID`)
) ENGINE=INNODB DEFAULT CHARSET=LATIN1;
/*!40101 SET CHARACTER_SET_CLIENT = @SAVED_CS_CLIENT */;

--
-- DUMPING DATA FOR TABLE `REALM_DEFAULT_GROUPS`
--

LOCK TABLES `REALM_DEFAULT_GROUPS` WRITE;
/*!40000 ALTER TABLE `REALM_DEFAULT_GROUPS` DISABLE KEYS */;
/*!40000 ALTER TABLE `REALM_DEFAULT_GROUPS` ENABLE KEYS */;
UNLOCK TABLES;

--
-- TABLE STRUCTURE FOR TABLE `REALM_DEFAULT_ROLES`
--

DROP TABLE IF EXISTS `REALM_DEFAULT_ROLES`;
/*!40101 SET @SAVED_CS_CLIENT     = @@CHARACTER_SET_CLIENT */;
/*!40101 SET CHARACTER_SET_CLIENT = UTF8 */;
CREATE TABLE `REALM_DEFAULT_ROLES` (
  `REALM_ID` VARCHAR(36) NOT NULL,
  `ROLE_ID` VARCHAR(36) NOT NULL,
  PRIMARY KEY (`REALM_ID`,`ROLE_ID`),
  UNIQUE KEY `UK_H4WPD7W4HSOOLNI3H0SW7BTJE` (`ROLE_ID`),
  KEY `IDX_REALM_DEF_ROLES_REALM` (`REALM_ID`),
  CONSTRAINT `FK_EVUDB1PPW84OXFAX2DRS03ICC` FOREIGN KEY (`REALM_ID`) REFERENCES `REALM` (`ID`),
  CONSTRAINT `FK_H4WPD7W4HSOOLNI3H0SW7BTJE` FOREIGN KEY (`ROLE_ID`) REFERENCES `KEYCLOAK_ROLE` (`ID`)
) ENGINE=INNODB DEFAULT CHARSET=LATIN1;
/*!40101 SET CHARACTER_SET_CLIENT = @SAVED_CS_CLIENT */;

--
-- DUMPING DATA FOR TABLE `REALM_DEFAULT_ROLES`
--

LOCK TABLES `REALM_DEFAULT_ROLES` WRITE;
/*!40000 ALTER TABLE `REALM_DEFAULT_ROLES` DISABLE KEYS */;
INSERT INTO `REALM_DEFAULT_ROLES` VALUES ('MASTER','109FBC3D-1E6C-49F0-9390-98648EF07F77'),('MASTER','CFDAB04A-4B89-47ED-AE7E-727C8E57D6D6'),('RSO','DA7C4F32-6880-44B9-AB55-B7357A8EF2BC');
/*!40000 ALTER TABLE `REALM_DEFAULT_ROLES` ENABLE KEYS */;
UNLOCK TABLES;

--
-- TABLE STRUCTURE FOR TABLE `REALM_ENABLED_EVENT_TYPES`
--

DROP TABLE IF EXISTS `REALM_ENABLED_EVENT_TYPES`;
/*!40101 SET @SAVED_CS_CLIENT     = @@CHARACTER_SET_CLIENT */;
/*!40101 SET CHARACTER_SET_CLIENT = UTF8 */;
CREATE TABLE `REALM_ENABLED_EVENT_TYPES` (
  `REALM_ID` VARCHAR(36) NOT NULL,
  `VALUE` VARCHAR(255) NOT NULL,
  PRIMARY KEY (`REALM_ID`,`VALUE`),
  KEY `IDX_REALM_EVT_TYPES_REALM` (`REALM_ID`),
  CONSTRAINT `FK_H846O4H0W8EPX5NWEDRF5Y69J` FOREIGN KEY (`REALM_ID`) REFERENCES `REALM` (`ID`)
) ENGINE=INNODB DEFAULT CHARSET=LATIN1;
/*!40101 SET CHARACTER_SET_CLIENT = @SAVED_CS_CLIENT */;

--
-- DUMPING DATA FOR TABLE `REALM_ENABLED_EVENT_TYPES`
--

LOCK TABLES `REALM_ENABLED_EVENT_TYPES` WRITE;
/*!40000 ALTER TABLE `REALM_ENABLED_EVENT_TYPES` DISABLE KEYS */;
/*!40000 ALTER TABLE `REALM_ENABLED_EVENT_TYPES` ENABLE KEYS */;
UNLOCK TABLES;

--
-- TABLE STRUCTURE FOR TABLE `REALM_EVENTS_LISTENERS`
--

DROP TABLE IF EXISTS `REALM_EVENTS_LISTENERS`;
/*!40101 SET @SAVED_CS_CLIENT     = @@CHARACTER_SET_CLIENT */;
/*!40101 SET CHARACTER_SET_CLIENT = UTF8 */;
CREATE TABLE `REALM_EVENTS_LISTENERS` (
  `REALM_ID` VARCHAR(36) NOT NULL,
  `VALUE` VARCHAR(255) NOT NULL,
  PRIMARY KEY (`REALM_ID`,`VALUE`),
  KEY `IDX_REALM_EVT_LIST_REALM` (`REALM_ID`),
  CONSTRAINT `FK_H846O4H0W8EPX5NXEV9F5Y69J` FOREIGN KEY (`REALM_ID`) REFERENCES `REALM` (`ID`)
) ENGINE=INNODB DEFAULT CHARSET=LATIN1;
/*!40101 SET CHARACTER_SET_CLIENT = @SAVED_CS_CLIENT */;

--
-- DUMPING DATA FOR TABLE `REALM_EVENTS_LISTENERS`
--

LOCK TABLES `REALM_EVENTS_LISTENERS` WRITE;
/*!40000 ALTER TABLE `REALM_EVENTS_LISTENERS` DISABLE KEYS */;
INSERT INTO `REALM_EVENTS_LISTENERS` VALUES ('MASTER','JBOSS-LOGGING'),('RSO','JBOSS-LOGGING');
/*!40000 ALTER TABLE `REALM_EVENTS_LISTENERS` ENABLE KEYS */;
UNLOCK TABLES;

--
-- TABLE STRUCTURE FOR TABLE `REALM_REQUIRED_CREDENTIAL`
--

DROP TABLE IF EXISTS `REALM_REQUIRED_CREDENTIAL`;
/*!40101 SET @SAVED_CS_CLIENT     = @@CHARACTER_SET_CLIENT */;
/*!40101 SET CHARACTER_SET_CLIENT = UTF8 */;
CREATE TABLE `REALM_REQUIRED_CREDENTIAL` (
  `TYPE` VARCHAR(255) NOT NULL,
  `FORM_LABEL` VARCHAR(255) DEFAULT NULL,
  `INPUT` BIT(1) NOT NULL DEFAULT B'0',
  `SECRET` BIT(1) NOT NULL DEFAULT B'0',
  `REALM_ID` VARCHAR(36) NOT NULL,
  PRIMARY KEY (`REALM_ID`,`TYPE`),
  CONSTRAINT `FK_5HG65LYBEVAVKQFKI3KPONH9V` FOREIGN KEY (`REALM_ID`) REFERENCES `REALM` (`ID`)
) ENGINE=INNODB DEFAULT CHARSET=LATIN1;
/*!40101 SET CHARACTER_SET_CLIENT = @SAVED_CS_CLIENT */;

--
-- DUMPING DATA FOR TABLE `REALM_REQUIRED_CREDENTIAL`
--

LOCK TABLES `REALM_REQUIRED_CREDENTIAL` WRITE;
/*!40000 ALTER TABLE `REALM_REQUIRED_CREDENTIAL` DISABLE KEYS */;
INSERT INTO `REALM_REQUIRED_CREDENTIAL` VALUES ('PASSWORD','PASSWORD','','','MASTER'),('PASSWORD','PASSWORD','','','RSO');
/*!40000 ALTER TABLE `REALM_REQUIRED_CREDENTIAL` ENABLE KEYS */;
UNLOCK TABLES;

--
-- TABLE STRUCTURE FOR TABLE `REALM_SMTP_CONFIG`
--

DROP TABLE IF EXISTS `REALM_SMTP_CONFIG`;
/*!40101 SET @SAVED_CS_CLIENT     = @@CHARACTER_SET_CLIENT */;
/*!40101 SET CHARACTER_SET_CLIENT = UTF8 */;
CREATE TABLE `REALM_SMTP_CONFIG` (
  `REALM_ID` VARCHAR(36) NOT NULL,
  `VALUE` VARCHAR(255) DEFAULT NULL,
  `NAME` VARCHAR(255) NOT NULL,
  PRIMARY KEY (`REALM_ID`,`NAME`),
  CONSTRAINT `FK_70EJ8XDXGXD0B9HH6180IRR0O` FOREIGN KEY (`REALM_ID`) REFERENCES `REALM` (`ID`)
) ENGINE=INNODB DEFAULT CHARSET=LATIN1;
/*!40101 SET CHARACTER_SET_CLIENT = @SAVED_CS_CLIENT */;

--
-- DUMPING DATA FOR TABLE `REALM_SMTP_CONFIG`
--

LOCK TABLES `REALM_SMTP_CONFIG` WRITE;
/*!40000 ALTER TABLE `REALM_SMTP_CONFIG` DISABLE KEYS */;
/*!40000 ALTER TABLE `REALM_SMTP_CONFIG` ENABLE KEYS */;
UNLOCK TABLES;

--
-- TABLE STRUCTURE FOR TABLE `REALM_SUPPORTED_LOCALES`
--

DROP TABLE IF EXISTS `REALM_SUPPORTED_LOCALES`;
/*!40101 SET @SAVED_CS_CLIENT     = @@CHARACTER_SET_CLIENT */;
/*!40101 SET CHARACTER_SET_CLIENT = UTF8 */;
CREATE TABLE `REALM_SUPPORTED_LOCALES` (
  `REALM_ID` VARCHAR(36) NOT NULL,
  `VALUE` VARCHAR(255) NOT NULL,
  PRIMARY KEY (`REALM_ID`,`VALUE`),
  KEY `IDX_REALM_SUPP_LOCAL_REALM` (`REALM_ID`),
  CONSTRAINT `FK_SUPPORTED_LOCALES_REALM` FOREIGN KEY (`REALM_ID`) REFERENCES `REALM` (`ID`)
) ENGINE=INNODB DEFAULT CHARSET=LATIN1;
/*!40101 SET CHARACTER_SET_CLIENT = @SAVED_CS_CLIENT */;

--
-- DUMPING DATA FOR TABLE `REALM_SUPPORTED_LOCALES`
--

LOCK TABLES `REALM_SUPPORTED_LOCALES` WRITE;
/*!40000 ALTER TABLE `REALM_SUPPORTED_LOCALES` DISABLE KEYS */;
/*!40000 ALTER TABLE `REALM_SUPPORTED_LOCALES` ENABLE KEYS */;
UNLOCK TABLES;

--
-- TABLE STRUCTURE FOR TABLE `REDIRECT_URIS`
--

DROP TABLE IF EXISTS `REDIRECT_URIS`;
/*!40101 SET @SAVED_CS_CLIENT     = @@CHARACTER_SET_CLIENT */;
/*!40101 SET CHARACTER_SET_CLIENT = UTF8 */;
CREATE TABLE `REDIRECT_URIS` (
  `CLIENT_ID` VARCHAR(36) NOT NULL,
  `VALUE` VARCHAR(255) NOT NULL,
  PRIMARY KEY (`CLIENT_ID`,`VALUE`),
  KEY `IDX_REDIR_URI_CLIENT` (`CLIENT_ID`),
  CONSTRAINT `FK_1BURS8PB4OUJ97H5WUPPAHV9F` FOREIGN KEY (`CLIENT_ID`) REFERENCES `CLIENT` (`ID`)
) ENGINE=INNODB DEFAULT CHARSET=LATIN1;
/*!40101 SET CHARACTER_SET_CLIENT = @SAVED_CS_CLIENT */;

--
-- DUMPING DATA FOR TABLE `REDIRECT_URIS`
--

LOCK TABLES `REDIRECT_URIS` WRITE;
/*!40000 ALTER TABLE `REDIRECT_URIS` DISABLE KEYS */;
INSERT INTO `REDIRECT_URIS` VALUES ('0FDEC9CB-A617-4FFC-849F-B6FC9B6546DA','/AUTH/ADMIN/MASTER/CONSOLE/*'),('1EEBDCA0-35CC-4F05-BB9B-B7D61DB21D40','/AUTH/REALMS/MASTER/ACCOUNT/*'),('28A1639E-1FBC-448D-A3CC-52A9B546D97C','HTTP://192.168.99.100/*'),('28A1639E-1FBC-448D-A3CC-52A9B546D97C','HTTP://192.168.99.100:8081/*'),('28A1639E-1FBC-448D-A3CC-52A9B546D97C','HTTP://192.168.99.100:8081/USER-WEBSERVICE-REST'),('5F13E721-7299-4BF3-BA1B-D63CC748C745','/AUTH/ADMIN/RSO/CONSOLE/*'),('A097118B-A906-4FB5-A22E-2B3877385C1C','/*'),('F1190C36-8BF6-4BDB-B234-911205404F10','/AUTH/REALMS/RSO/ACCOUNT/*');
/*!40000 ALTER TABLE `REDIRECT_URIS` ENABLE KEYS */;
UNLOCK TABLES;

--
-- TABLE STRUCTURE FOR TABLE `REQUIRED_ACTION_CONFIG`
--

DROP TABLE IF EXISTS `REQUIRED_ACTION_CONFIG`;
/*!40101 SET @SAVED_CS_CLIENT     = @@CHARACTER_SET_CLIENT */;
/*!40101 SET CHARACTER_SET_CLIENT = UTF8 */;
CREATE TABLE `REQUIRED_ACTION_CONFIG` (
  `REQUIRED_ACTION_ID` VARCHAR(36) NOT NULL,
  `VALUE` LONGTEXT,
  `NAME` VARCHAR(255) NOT NULL,
  PRIMARY KEY (`REQUIRED_ACTION_ID`,`NAME`)
) ENGINE=INNODB DEFAULT CHARSET=LATIN1;
/*!40101 SET CHARACTER_SET_CLIENT = @SAVED_CS_CLIENT */;

--
-- DUMPING DATA FOR TABLE `REQUIRED_ACTION_CONFIG`
--

LOCK TABLES `REQUIRED_ACTION_CONFIG` WRITE;
/*!40000 ALTER TABLE `REQUIRED_ACTION_CONFIG` DISABLE KEYS */;
/*!40000 ALTER TABLE `REQUIRED_ACTION_CONFIG` ENABLE KEYS */;
UNLOCK TABLES;

--
-- TABLE STRUCTURE FOR TABLE `REQUIRED_ACTION_PROVIDER`
--

DROP TABLE IF EXISTS `REQUIRED_ACTION_PROVIDER`;
/*!40101 SET @SAVED_CS_CLIENT     = @@CHARACTER_SET_CLIENT */;
/*!40101 SET CHARACTER_SET_CLIENT = UTF8 */;
CREATE TABLE `REQUIRED_ACTION_PROVIDER` (
  `ID` VARCHAR(36) NOT NULL,
  `ALIAS` VARCHAR(255) DEFAULT NULL,
  `NAME` VARCHAR(255) DEFAULT NULL,
  `REALM_ID` VARCHAR(36) DEFAULT NULL,
  `ENABLED` BIT(1) NOT NULL DEFAULT B'0',
  `DEFAULT_ACTION` BIT(1) NOT NULL DEFAULT B'0',
  `PROVIDER_ID` VARCHAR(255) DEFAULT NULL,
  PRIMARY KEY (`ID`),
  KEY `IDX_REQ_ACT_PROV_REALM` (`REALM_ID`),
  CONSTRAINT `FK_REQ_ACT_REALM` FOREIGN KEY (`REALM_ID`) REFERENCES `REALM` (`ID`)
) ENGINE=INNODB DEFAULT CHARSET=LATIN1;
/*!40101 SET CHARACTER_SET_CLIENT = @SAVED_CS_CLIENT */;

--
-- DUMPING DATA FOR TABLE `REQUIRED_ACTION_PROVIDER`
--

LOCK TABLES `REQUIRED_ACTION_PROVIDER` WRITE;
/*!40000 ALTER TABLE `REQUIRED_ACTION_PROVIDER` DISABLE KEYS */;
INSERT INTO `REQUIRED_ACTION_PROVIDER` VALUES ('00173AB9-C1D7-4EDA-A23E-D954F0701538','TERMS_AND_CONDITIONS','TERMS AND CONDITIONS','MASTER','\0','\0','TERMS_AND_CONDITIONS'),('0BB0F745-98D9-4DC0-AB55-12B477874D94','UPDATE_PASSWORD','UPDATE PASSWORD','MASTER','','\0','UPDATE_PASSWORD'),('2D5A3A57-DD8B-4B27-898C-B167E4CFFE37','VERIFY_EMAIL','VERIFY EMAIL','MASTER','','\0','VERIFY_EMAIL'),('2DBD5EA9-2302-4C3E-8760-84E2ED210160','CONFIGURE_TOTP','CONFIGURE OTP','RSO','','\0','CONFIGURE_TOTP'),('3A5A0F8A-1054-4C9E-9D1B-5B6E37C41615','TERMS_AND_CONDITIONS','TERMS AND CONDITIONS','RSO','\0','\0','TERMS_AND_CONDITIONS'),('4E0DD63D-C6F5-4D64-8712-B94C4EFB8A6F','CONFIGURE_TOTP','CONFIGURE OTP','MASTER','','\0','CONFIGURE_TOTP'),('8CA9BD03-673C-41B5-8A99-E5CC5C5FC78A','VERIFY_EMAIL','VERIFY EMAIL','RSO','','\0','VERIFY_EMAIL'),('A57EC012-A029-48D2-A501-9FF9DCBB2494','UPDATE_PROFILE','UPDATE PROFILE','MASTER','','\0','UPDATE_PROFILE'),('DED557B3-7CD0-4D86-88FD-2FDF04672ECB','UPDATE_PASSWORD','UPDATE PASSWORD','RSO','','\0','UPDATE_PASSWORD'),('FD72F18F-D6B0-401B-9C9F-EE1CCC99FC63','UPDATE_PROFILE','UPDATE PROFILE','RSO','','\0','UPDATE_PROFILE');
/*!40000 ALTER TABLE `REQUIRED_ACTION_PROVIDER` ENABLE KEYS */;
UNLOCK TABLES;

--
-- TABLE STRUCTURE FOR TABLE `RESOURCE_POLICY`
--

DROP TABLE IF EXISTS `RESOURCE_POLICY`;
/*!40101 SET @SAVED_CS_CLIENT     = @@CHARACTER_SET_CLIENT */;
/*!40101 SET CHARACTER_SET_CLIENT = UTF8 */;
CREATE TABLE `RESOURCE_POLICY` (
  `RESOURCE_ID` VARCHAR(36) NOT NULL,
  `POLICY_ID` VARCHAR(36) NOT NULL,
  PRIMARY KEY (`RESOURCE_ID`,`POLICY_ID`),
  KEY `IDX_RES_POLICY_POLICY` (`POLICY_ID`),
  CONSTRAINT `FK_FRSRPOS53XCX4WNKOG82SSRFY` FOREIGN KEY (`RESOURCE_ID`) REFERENCES `RESOURCE_SERVER_RESOURCE` (`ID`),
  CONSTRAINT `FK_FRSRPP213XCX4WNKOG82SSRFY` FOREIGN KEY (`POLICY_ID`) REFERENCES `RESOURCE_SERVER_POLICY` (`ID`)
) ENGINE=INNODB DEFAULT CHARSET=LATIN1;
/*!40101 SET CHARACTER_SET_CLIENT = @SAVED_CS_CLIENT */;

--
-- DUMPING DATA FOR TABLE `RESOURCE_POLICY`
--

LOCK TABLES `RESOURCE_POLICY` WRITE;
/*!40000 ALTER TABLE `RESOURCE_POLICY` DISABLE KEYS */;
/*!40000 ALTER TABLE `RESOURCE_POLICY` ENABLE KEYS */;
UNLOCK TABLES;

--
-- TABLE STRUCTURE FOR TABLE `RESOURCE_SCOPE`
--

DROP TABLE IF EXISTS `RESOURCE_SCOPE`;
/*!40101 SET @SAVED_CS_CLIENT     = @@CHARACTER_SET_CLIENT */;
/*!40101 SET CHARACTER_SET_CLIENT = UTF8 */;
CREATE TABLE `RESOURCE_SCOPE` (
  `RESOURCE_ID` VARCHAR(36) NOT NULL,
  `SCOPE_ID` VARCHAR(36) NOT NULL,
  PRIMARY KEY (`RESOURCE_ID`,`SCOPE_ID`),
  KEY `IDX_RES_SCOPE_SCOPE` (`SCOPE_ID`),
  CONSTRAINT `FK_FRSRPOS13XCX4WNKOG82SSRFY` FOREIGN KEY (`RESOURCE_ID`) REFERENCES `RESOURCE_SERVER_RESOURCE` (`ID`),
  CONSTRAINT `FK_FRSRPS213XCX4WNKOG82SSRFY` FOREIGN KEY (`SCOPE_ID`) REFERENCES `RESOURCE_SERVER_SCOPE` (`ID`)
) ENGINE=INNODB DEFAULT CHARSET=LATIN1;
/*!40101 SET CHARACTER_SET_CLIENT = @SAVED_CS_CLIENT */;

--
-- DUMPING DATA FOR TABLE `RESOURCE_SCOPE`
--

LOCK TABLES `RESOURCE_SCOPE` WRITE;
/*!40000 ALTER TABLE `RESOURCE_SCOPE` DISABLE KEYS */;
/*!40000 ALTER TABLE `RESOURCE_SCOPE` ENABLE KEYS */;
UNLOCK TABLES;

--
-- TABLE STRUCTURE FOR TABLE `RESOURCE_SERVER`
--

DROP TABLE IF EXISTS `RESOURCE_SERVER`;
/*!40101 SET @SAVED_CS_CLIENT     = @@CHARACTER_SET_CLIENT */;
/*!40101 SET CHARACTER_SET_CLIENT = UTF8 */;
CREATE TABLE `RESOURCE_SERVER` (
  `ID` VARCHAR(36) NOT NULL,
  `ALLOW_RS_REMOTE_MGMT` BIT(1) NOT NULL DEFAULT B'0',
  `POLICY_ENFORCE_MODE` VARCHAR(15) NOT NULL,
  PRIMARY KEY (`ID`)
) ENGINE=INNODB DEFAULT CHARSET=LATIN1;
/*!40101 SET CHARACTER_SET_CLIENT = @SAVED_CS_CLIENT */;

--
-- DUMPING DATA FOR TABLE `RESOURCE_SERVER`
--

LOCK TABLES `RESOURCE_SERVER` WRITE;
/*!40000 ALTER TABLE `RESOURCE_SERVER` DISABLE KEYS */;
/*!40000 ALTER TABLE `RESOURCE_SERVER` ENABLE KEYS */;
UNLOCK TABLES;

--
-- TABLE STRUCTURE FOR TABLE `RESOURCE_SERVER_PERM_TICKET`
--

DROP TABLE IF EXISTS `RESOURCE_SERVER_PERM_TICKET`;
/*!40101 SET @SAVED_CS_CLIENT     = @@CHARACTER_SET_CLIENT */;
/*!40101 SET CHARACTER_SET_CLIENT = UTF8 */;
CREATE TABLE `RESOURCE_SERVER_PERM_TICKET` (
  `ID` VARCHAR(36) NOT NULL,
  `OWNER` VARCHAR(36) NOT NULL,
  `REQUESTER` VARCHAR(36) NOT NULL,
  `CREATED_TIMESTAMP` BIGINT(20) NOT NULL,
  `GRANTED_TIMESTAMP` BIGINT(20) DEFAULT NULL,
  `RESOURCE_ID` VARCHAR(36) NOT NULL,
  `SCOPE_ID` VARCHAR(36) DEFAULT NULL,
  `RESOURCE_SERVER_ID` VARCHAR(36) NOT NULL,
  PRIMARY KEY (`ID`),
  UNIQUE KEY `UK_FRSR6T700S9V50BU18WS5PMT` (`OWNER`,`REQUESTER`,`RESOURCE_SERVER_ID`,`RESOURCE_ID`,`SCOPE_ID`),
  KEY `FK_FRSRHO213XCX4WNKOG82SSPMT` (`RESOURCE_SERVER_ID`),
  KEY `FK_FRSRHO213XCX4WNKOG83SSPMT` (`RESOURCE_ID`),
  KEY `FK_FRSRHO213XCX4WNKOG84SSPMT` (`SCOPE_ID`),
  CONSTRAINT `FK_FRSRHO213XCX4WNKOG82SSPMT` FOREIGN KEY (`RESOURCE_SERVER_ID`) REFERENCES `RESOURCE_SERVER` (`ID`),
  CONSTRAINT `FK_FRSRHO213XCX4WNKOG83SSPMT` FOREIGN KEY (`RESOURCE_ID`) REFERENCES `RESOURCE_SERVER_RESOURCE` (`ID`),
  CONSTRAINT `FK_FRSRHO213XCX4WNKOG84SSPMT` FOREIGN KEY (`SCOPE_ID`) REFERENCES `RESOURCE_SERVER_SCOPE` (`ID`)
) ENGINE=INNODB DEFAULT CHARSET=LATIN1;
/*!40101 SET CHARACTER_SET_CLIENT = @SAVED_CS_CLIENT */;

--
-- DUMPING DATA FOR TABLE `RESOURCE_SERVER_PERM_TICKET`
--

LOCK TABLES `RESOURCE_SERVER_PERM_TICKET` WRITE;
/*!40000 ALTER TABLE `RESOURCE_SERVER_PERM_TICKET` DISABLE KEYS */;
/*!40000 ALTER TABLE `RESOURCE_SERVER_PERM_TICKET` ENABLE KEYS */;
UNLOCK TABLES;

--
-- TABLE STRUCTURE FOR TABLE `RESOURCE_SERVER_POLICY`
--

DROP TABLE IF EXISTS `RESOURCE_SERVER_POLICY`;
/*!40101 SET @SAVED_CS_CLIENT     = @@CHARACTER_SET_CLIENT */;
/*!40101 SET CHARACTER_SET_CLIENT = UTF8 */;
CREATE TABLE `RESOURCE_SERVER_POLICY` (
  `ID` VARCHAR(36) NOT NULL,
  `NAME` VARCHAR(255) NOT NULL,
  `DESCRIPTION` VARCHAR(255) CHARACTER SET UTF8 DEFAULT NULL,
  `TYPE` VARCHAR(255) NOT NULL,
  `DECISION_STRATEGY` VARCHAR(20) DEFAULT NULL,
  `LOGIC` VARCHAR(20) DEFAULT NULL,
  `RESOURCE_SERVER_ID` VARCHAR(36) DEFAULT NULL,
  PRIMARY KEY (`ID`),
  UNIQUE KEY `UK_FRSRPT700S9V50BU18WS5HA6` (`NAME`,`RESOURCE_SERVER_ID`),
  KEY `IDX_RES_SERV_POL_RES_SERV` (`RESOURCE_SERVER_ID`),
  CONSTRAINT `FK_FRSRPO213XCX4WNKOG82SSRFY` FOREIGN KEY (`RESOURCE_SERVER_ID`) REFERENCES `RESOURCE_SERVER` (`ID`)
) ENGINE=INNODB DEFAULT CHARSET=LATIN1;
/*!40101 SET CHARACTER_SET_CLIENT = @SAVED_CS_CLIENT */;

--
-- DUMPING DATA FOR TABLE `RESOURCE_SERVER_POLICY`
--

LOCK TABLES `RESOURCE_SERVER_POLICY` WRITE;
/*!40000 ALTER TABLE `RESOURCE_SERVER_POLICY` DISABLE KEYS */;
/*!40000 ALTER TABLE `RESOURCE_SERVER_POLICY` ENABLE KEYS */;
UNLOCK TABLES;

--
-- TABLE STRUCTURE FOR TABLE `RESOURCE_SERVER_RESOURCE`
--

DROP TABLE IF EXISTS `RESOURCE_SERVER_RESOURCE`;
/*!40101 SET @SAVED_CS_CLIENT     = @@CHARACTER_SET_CLIENT */;
/*!40101 SET CHARACTER_SET_CLIENT = UTF8 */;
CREATE TABLE `RESOURCE_SERVER_RESOURCE` (
  `ID` VARCHAR(36) NOT NULL,
  `NAME` VARCHAR(255) NOT NULL,
  `URI` VARCHAR(255) DEFAULT NULL,
  `TYPE` VARCHAR(255) DEFAULT NULL,
  `ICON_URI` VARCHAR(255) DEFAULT NULL,
  `OWNER` VARCHAR(36) NOT NULL,
  `RESOURCE_SERVER_ID` VARCHAR(36) DEFAULT NULL,
  `OWNER_MANAGED_ACCESS` BIT(1) NOT NULL DEFAULT B'0',
  `DISPLAY_NAME` VARCHAR(255) DEFAULT NULL,
  PRIMARY KEY (`ID`),
  UNIQUE KEY `UK_FRSR6T700S9V50BU18WS5HA6` (`NAME`,`OWNER`,`RESOURCE_SERVER_ID`),
  KEY `IDX_RES_SRV_RES_RES_SRV` (`RESOURCE_SERVER_ID`),
  CONSTRAINT `FK_FRSRHO213XCX4WNKOG82SSRFY` FOREIGN KEY (`RESOURCE_SERVER_ID`) REFERENCES `RESOURCE_SERVER` (`ID`)
) ENGINE=INNODB DEFAULT CHARSET=LATIN1;
/*!40101 SET CHARACTER_SET_CLIENT = @SAVED_CS_CLIENT */;

--
-- DUMPING DATA FOR TABLE `RESOURCE_SERVER_RESOURCE`
--

LOCK TABLES `RESOURCE_SERVER_RESOURCE` WRITE;
/*!40000 ALTER TABLE `RESOURCE_SERVER_RESOURCE` DISABLE KEYS */;
/*!40000 ALTER TABLE `RESOURCE_SERVER_RESOURCE` ENABLE KEYS */;
UNLOCK TABLES;

--
-- TABLE STRUCTURE FOR TABLE `RESOURCE_SERVER_SCOPE`
--

DROP TABLE IF EXISTS `RESOURCE_SERVER_SCOPE`;
/*!40101 SET @SAVED_CS_CLIENT     = @@CHARACTER_SET_CLIENT */;
/*!40101 SET CHARACTER_SET_CLIENT = UTF8 */;
CREATE TABLE `RESOURCE_SERVER_SCOPE` (
  `ID` VARCHAR(36) NOT NULL,
  `NAME` VARCHAR(255) NOT NULL,
  `ICON_URI` VARCHAR(255) DEFAULT NULL,
  `RESOURCE_SERVER_ID` VARCHAR(36) DEFAULT NULL,
  `DISPLAY_NAME` VARCHAR(255) DEFAULT NULL,
  PRIMARY KEY (`ID`),
  UNIQUE KEY `UK_FRSRST700S9V50BU18WS5HA6` (`NAME`,`RESOURCE_SERVER_ID`),
  KEY `IDX_RES_SRV_SCOPE_RES_SRV` (`RESOURCE_SERVER_ID`),
  CONSTRAINT `FK_FRSRSO213XCX4WNKOG82SSRFY` FOREIGN KEY (`RESOURCE_SERVER_ID`) REFERENCES `RESOURCE_SERVER` (`ID`)
) ENGINE=INNODB DEFAULT CHARSET=LATIN1;
/*!40101 SET CHARACTER_SET_CLIENT = @SAVED_CS_CLIENT */;

--
-- DUMPING DATA FOR TABLE `RESOURCE_SERVER_SCOPE`
--

LOCK TABLES `RESOURCE_SERVER_SCOPE` WRITE;
/*!40000 ALTER TABLE `RESOURCE_SERVER_SCOPE` DISABLE KEYS */;
/*!40000 ALTER TABLE `RESOURCE_SERVER_SCOPE` ENABLE KEYS */;
UNLOCK TABLES;

--
-- TABLE STRUCTURE FOR TABLE `SCOPE_MAPPING`
--

DROP TABLE IF EXISTS `SCOPE_MAPPING`;
/*!40101 SET @SAVED_CS_CLIENT     = @@CHARACTER_SET_CLIENT */;
/*!40101 SET CHARACTER_SET_CLIENT = UTF8 */;
CREATE TABLE `SCOPE_MAPPING` (
  `CLIENT_ID` VARCHAR(36) NOT NULL,
  `ROLE_ID` VARCHAR(36) NOT NULL,
  PRIMARY KEY (`CLIENT_ID`,`ROLE_ID`),
  KEY `IDX_SCOPE_MAPPING_ROLE` (`ROLE_ID`),
  CONSTRAINT `FK_OUSE064PLMLR732LXJCN1Q5F1` FOREIGN KEY (`CLIENT_ID`) REFERENCES `CLIENT` (`ID`),
  CONSTRAINT `FK_P3RH9GRKU11KQFRS4FLTT7RNQ` FOREIGN KEY (`ROLE_ID`) REFERENCES `KEYCLOAK_ROLE` (`ID`)
) ENGINE=INNODB DEFAULT CHARSET=LATIN1;
/*!40101 SET CHARACTER_SET_CLIENT = @SAVED_CS_CLIENT */;

--
-- DUMPING DATA FOR TABLE `SCOPE_MAPPING`
--

LOCK TABLES `SCOPE_MAPPING` WRITE;
/*!40000 ALTER TABLE `SCOPE_MAPPING` DISABLE KEYS */;
/*!40000 ALTER TABLE `SCOPE_MAPPING` ENABLE KEYS */;
UNLOCK TABLES;

--
-- TABLE STRUCTURE FOR TABLE `SCOPE_POLICY`
--

DROP TABLE IF EXISTS `SCOPE_POLICY`;
/*!40101 SET @SAVED_CS_CLIENT     = @@CHARACTER_SET_CLIENT */;
/*!40101 SET CHARACTER_SET_CLIENT = UTF8 */;
CREATE TABLE `SCOPE_POLICY` (
  `SCOPE_ID` VARCHAR(36) NOT NULL,
  `POLICY_ID` VARCHAR(36) NOT NULL,
  PRIMARY KEY (`SCOPE_ID`,`POLICY_ID`),
  KEY `IDX_SCOPE_POLICY_POLICY` (`POLICY_ID`),
  CONSTRAINT `FK_FRSRASP13XCX4WNKOG82SSRFY` FOREIGN KEY (`POLICY_ID`) REFERENCES `RESOURCE_SERVER_POLICY` (`ID`),
  CONSTRAINT `FK_FRSRPASS3XCX4WNKOG82SSRFY` FOREIGN KEY (`SCOPE_ID`) REFERENCES `RESOURCE_SERVER_SCOPE` (`ID`)
) ENGINE=INNODB DEFAULT CHARSET=LATIN1;
/*!40101 SET CHARACTER_SET_CLIENT = @SAVED_CS_CLIENT */;

--
-- DUMPING DATA FOR TABLE `SCOPE_POLICY`
--

LOCK TABLES `SCOPE_POLICY` WRITE;
/*!40000 ALTER TABLE `SCOPE_POLICY` DISABLE KEYS */;
/*!40000 ALTER TABLE `SCOPE_POLICY` ENABLE KEYS */;
UNLOCK TABLES;

--
-- TABLE STRUCTURE FOR TABLE `TEMPLATE_SCOPE_MAPPING`
--

DROP TABLE IF EXISTS `TEMPLATE_SCOPE_MAPPING`;
/*!40101 SET @SAVED_CS_CLIENT     = @@CHARACTER_SET_CLIENT */;
/*!40101 SET CHARACTER_SET_CLIENT = UTF8 */;
CREATE TABLE `TEMPLATE_SCOPE_MAPPING` (
  `TEMPLATE_ID` VARCHAR(36) NOT NULL,
  `ROLE_ID` VARCHAR(36) NOT NULL,
  PRIMARY KEY (`TEMPLATE_ID`,`ROLE_ID`),
  KEY `IDX_TEMPL_SCOPE_MAPP_ROLE` (`ROLE_ID`),
  CONSTRAINT `FK_TEMPL_SCOPE_ROLE` FOREIGN KEY (`ROLE_ID`) REFERENCES `KEYCLOAK_ROLE` (`ID`),
  CONSTRAINT `FK_TEMPL_SCOPE_TEMPL` FOREIGN KEY (`TEMPLATE_ID`) REFERENCES `CLIENT_TEMPLATE` (`ID`)
) ENGINE=INNODB DEFAULT CHARSET=LATIN1;
/*!40101 SET CHARACTER_SET_CLIENT = @SAVED_CS_CLIENT */;

--
-- DUMPING DATA FOR TABLE `TEMPLATE_SCOPE_MAPPING`
--

LOCK TABLES `TEMPLATE_SCOPE_MAPPING` WRITE;
/*!40000 ALTER TABLE `TEMPLATE_SCOPE_MAPPING` DISABLE KEYS */;
/*!40000 ALTER TABLE `TEMPLATE_SCOPE_MAPPING` ENABLE KEYS */;
UNLOCK TABLES;

--
-- TABLE STRUCTURE FOR TABLE `USER_ATTRIBUTE`
--

DROP TABLE IF EXISTS `USER_ATTRIBUTE`;
/*!40101 SET @SAVED_CS_CLIENT     = @@CHARACTER_SET_CLIENT */;
/*!40101 SET CHARACTER_SET_CLIENT = UTF8 */;
CREATE TABLE `USER_ATTRIBUTE` (
  `NAME` VARCHAR(255) NOT NULL,
  `VALUE` VARCHAR(255) CHARACTER SET UTF8 DEFAULT NULL,
  `USER_ID` VARCHAR(36) NOT NULL,
  `ID` VARCHAR(36) NOT NULL DEFAULT 'SYBASE-NEEDS-SOMETHING-HERE',
  PRIMARY KEY (`ID`),
  KEY `IDX_USER_ATTRIBUTE` (`USER_ID`),
  CONSTRAINT `FK_5HRM2VLF9QL5FU043KQEPOVBR` FOREIGN KEY (`USER_ID`) REFERENCES `USER_ENTITY` (`ID`)
) ENGINE=INNODB DEFAULT CHARSET=LATIN1;
/*!40101 SET CHARACTER_SET_CLIENT = @SAVED_CS_CLIENT */;

--
-- DUMPING DATA FOR TABLE `USER_ATTRIBUTE`
--

LOCK TABLES `USER_ATTRIBUTE` WRITE;
/*!40000 ALTER TABLE `USER_ATTRIBUTE` DISABLE KEYS */;
/*!40000 ALTER TABLE `USER_ATTRIBUTE` ENABLE KEYS */;
UNLOCK TABLES;

--
-- TABLE STRUCTURE FOR TABLE `USER_CONSENT`
--

DROP TABLE IF EXISTS `USER_CONSENT`;
/*!40101 SET @SAVED_CS_CLIENT     = @@CHARACTER_SET_CLIENT */;
/*!40101 SET CHARACTER_SET_CLIENT = UTF8 */;
CREATE TABLE `USER_CONSENT` (
  `ID` VARCHAR(36) NOT NULL,
  `CLIENT_ID` VARCHAR(36) DEFAULT NULL,
  `USER_ID` VARCHAR(36) NOT NULL,
  `CREATED_DATE` BIGINT(20) DEFAULT NULL,
  `LAST_UPDATED_DATE` BIGINT(20) DEFAULT NULL,
  `CLIENT_STORAGE_PROVIDER` VARCHAR(36) DEFAULT NULL,
  `EXTERNAL_CLIENT_ID` VARCHAR(255) DEFAULT NULL,
  PRIMARY KEY (`ID`),
  UNIQUE KEY `UK_JKUWUVD56ONTGSUHOGM8UEWRT` (`CLIENT_ID`,`CLIENT_STORAGE_PROVIDER`,`EXTERNAL_CLIENT_ID`,`USER_ID`),
  KEY `IDX_USER_CONSENT` (`USER_ID`),
  CONSTRAINT `FK_GRNTCSNT_USER` FOREIGN KEY (`USER_ID`) REFERENCES `USER_ENTITY` (`ID`)
) ENGINE=INNODB DEFAULT CHARSET=LATIN1;
/*!40101 SET CHARACTER_SET_CLIENT = @SAVED_CS_CLIENT */;

--
-- DUMPING DATA FOR TABLE `USER_CONSENT`
--

LOCK TABLES `USER_CONSENT` WRITE;
/*!40000 ALTER TABLE `USER_CONSENT` DISABLE KEYS */;
/*!40000 ALTER TABLE `USER_CONSENT` ENABLE KEYS */;
UNLOCK TABLES;

--
-- TABLE STRUCTURE FOR TABLE `USER_CONSENT_PROT_MAPPER`
--

DROP TABLE IF EXISTS `USER_CONSENT_PROT_MAPPER`;
/*!40101 SET @SAVED_CS_CLIENT     = @@CHARACTER_SET_CLIENT */;
/*!40101 SET CHARACTER_SET_CLIENT = UTF8 */;
CREATE TABLE `USER_CONSENT_PROT_MAPPER` (
  `USER_CONSENT_ID` VARCHAR(36) NOT NULL,
  `PROTOCOL_MAPPER_ID` VARCHAR(36) NOT NULL,
  PRIMARY KEY (`USER_CONSENT_ID`,`PROTOCOL_MAPPER_ID`),
  KEY `IDX_CONSENT_PROTMAPPER` (`USER_CONSENT_ID`),
  CONSTRAINT `FK_GRNTCSNT_PRM_GR` FOREIGN KEY (`USER_CONSENT_ID`) REFERENCES `USER_CONSENT` (`ID`)
) ENGINE=INNODB DEFAULT CHARSET=LATIN1;
/*!40101 SET CHARACTER_SET_CLIENT = @SAVED_CS_CLIENT */;

--
-- DUMPING DATA FOR TABLE `USER_CONSENT_PROT_MAPPER`
--

LOCK TABLES `USER_CONSENT_PROT_MAPPER` WRITE;
/*!40000 ALTER TABLE `USER_CONSENT_PROT_MAPPER` DISABLE KEYS */;
/*!40000 ALTER TABLE `USER_CONSENT_PROT_MAPPER` ENABLE KEYS */;
UNLOCK TABLES;

--
-- TABLE STRUCTURE FOR TABLE `USER_CONSENT_ROLE`
--

DROP TABLE IF EXISTS `USER_CONSENT_ROLE`;
/*!40101 SET @SAVED_CS_CLIENT     = @@CHARACTER_SET_CLIENT */;
/*!40101 SET CHARACTER_SET_CLIENT = UTF8 */;
CREATE TABLE `USER_CONSENT_ROLE` (
  `USER_CONSENT_ID` VARCHAR(36) NOT NULL,
  `ROLE_ID` VARCHAR(36) NOT NULL,
  PRIMARY KEY (`USER_CONSENT_ID`,`ROLE_ID`),
  KEY `IDX_CONSENT_ROLE` (`USER_CONSENT_ID`),
  CONSTRAINT `FK_GRNTCSNT_ROLE_GR` FOREIGN KEY (`USER_CONSENT_ID`) REFERENCES `USER_CONSENT` (`ID`)
) ENGINE=INNODB DEFAULT CHARSET=LATIN1;
/*!40101 SET CHARACTER_SET_CLIENT = @SAVED_CS_CLIENT */;

--
-- DUMPING DATA FOR TABLE `USER_CONSENT_ROLE`
--

LOCK TABLES `USER_CONSENT_ROLE` WRITE;
/*!40000 ALTER TABLE `USER_CONSENT_ROLE` DISABLE KEYS */;
/*!40000 ALTER TABLE `USER_CONSENT_ROLE` ENABLE KEYS */;
UNLOCK TABLES;

--
-- TABLE STRUCTURE FOR TABLE `USER_ENTITY`
--

DROP TABLE IF EXISTS `USER_ENTITY`;
/*!40101 SET @SAVED_CS_CLIENT     = @@CHARACTER_SET_CLIENT */;
/*!40101 SET CHARACTER_SET_CLIENT = UTF8 */;
CREATE TABLE `USER_ENTITY` (
  `ID` VARCHAR(36) NOT NULL,
  `EMAIL` VARCHAR(255) DEFAULT NULL,
  `EMAIL_CONSTRAINT` VARCHAR(255) DEFAULT NULL,
  `EMAIL_VERIFIED` BIT(1) NOT NULL DEFAULT B'0',
  `ENABLED` BIT(1) NOT NULL DEFAULT B'0',
  `FEDERATION_LINK` VARCHAR(255) DEFAULT NULL,
  `FIRST_NAME` VARCHAR(255) CHARACTER SET UTF8 DEFAULT NULL,
  `LAST_NAME` VARCHAR(255) CHARACTER SET UTF8 DEFAULT NULL,
  `REALM_ID` VARCHAR(255) DEFAULT NULL,
  `USERNAME` VARCHAR(255) CHARACTER SET UTF8 DEFAULT NULL,
  `CREATED_TIMESTAMP` BIGINT(20) DEFAULT NULL,
  `SERVICE_ACCOUNT_CLIENT_LINK` VARCHAR(36) DEFAULT NULL,
  `NOT_BEFORE` INT(11) NOT NULL DEFAULT '0',
  PRIMARY KEY (`ID`),
  UNIQUE KEY `UK_DYKN684SL8UP1CRFEI6ECKHD7` (`REALM_ID`,`EMAIL_CONSTRAINT`),
  UNIQUE KEY `UK_RU8TT6T700S9V50BU18WS5HA6` (`REALM_ID`,`USERNAME`),
  KEY `IDX_USER_EMAIL` (`EMAIL`)
) ENGINE=INNODB DEFAULT CHARSET=LATIN1;
/*!40101 SET CHARACTER_SET_CLIENT = @SAVED_CS_CLIENT */;

--
-- DUMPING DATA FOR TABLE `USER_ENTITY`
--

LOCK TABLES `USER_ENTITY` WRITE;
/*!40000 ALTER TABLE `USER_ENTITY` DISABLE KEYS */;
INSERT INTO `USER_ENTITY` VALUES ('19DF70F3-2E44-4F39-8529-3E66C0E04E22',NULL,'A7BC5C69-4A32-4C90-8944-443BA5C2C602','\0','',NULL,NULL,NULL,'MASTER','ADMIN',1522682411923,NULL,0),('2AED5D6C-D65A-4FF3-9259-8397B35BF0DA',NULL,'194124DA-A9E6-4C4B-82BE-8BEED2578C0C','\0','',NULL,NULL,NULL,'RSO','WS-ADMIN',1522919861027,NULL,0);
/*!40000 ALTER TABLE `USER_ENTITY` ENABLE KEYS */;
UNLOCK TABLES;

--
-- TABLE STRUCTURE FOR TABLE `USER_FEDERATION_CONFIG`
--

DROP TABLE IF EXISTS `USER_FEDERATION_CONFIG`;
/*!40101 SET @SAVED_CS_CLIENT     = @@CHARACTER_SET_CLIENT */;
/*!40101 SET CHARACTER_SET_CLIENT = UTF8 */;
CREATE TABLE `USER_FEDERATION_CONFIG` (
  `USER_FEDERATION_PROVIDER_ID` VARCHAR(36) NOT NULL,
  `VALUE` VARCHAR(255) DEFAULT NULL,
  `NAME` VARCHAR(255) NOT NULL,
  PRIMARY KEY (`USER_FEDERATION_PROVIDER_ID`,`NAME`),
  CONSTRAINT `FK_T13HPU1J94R2EBPEKR39X5EU5` FOREIGN KEY (`USER_FEDERATION_PROVIDER_ID`) REFERENCES `USER_FEDERATION_PROVIDER` (`ID`)
) ENGINE=INNODB DEFAULT CHARSET=LATIN1;
/*!40101 SET CHARACTER_SET_CLIENT = @SAVED_CS_CLIENT */;

--
-- DUMPING DATA FOR TABLE `USER_FEDERATION_CONFIG`
--

LOCK TABLES `USER_FEDERATION_CONFIG` WRITE;
/*!40000 ALTER TABLE `USER_FEDERATION_CONFIG` DISABLE KEYS */;
/*!40000 ALTER TABLE `USER_FEDERATION_CONFIG` ENABLE KEYS */;
UNLOCK TABLES;

--
-- TABLE STRUCTURE FOR TABLE `USER_FEDERATION_MAPPER`
--

DROP TABLE IF EXISTS `USER_FEDERATION_MAPPER`;
/*!40101 SET @SAVED_CS_CLIENT     = @@CHARACTER_SET_CLIENT */;
/*!40101 SET CHARACTER_SET_CLIENT = UTF8 */;
CREATE TABLE `USER_FEDERATION_MAPPER` (
  `ID` VARCHAR(36) NOT NULL,
  `NAME` VARCHAR(255) NOT NULL,
  `FEDERATION_PROVIDER_ID` VARCHAR(36) NOT NULL,
  `FEDERATION_MAPPER_TYPE` VARCHAR(255) NOT NULL,
  `REALM_ID` VARCHAR(36) NOT NULL,
  PRIMARY KEY (`ID`),
  KEY `IDX_USR_FED_MAP_FED_PRV` (`FEDERATION_PROVIDER_ID`),
  KEY `IDX_USR_FED_MAP_REALM` (`REALM_ID`),
  CONSTRAINT `FK_FEDMAPPERPM_FEDPRV` FOREIGN KEY (`FEDERATION_PROVIDER_ID`) REFERENCES `USER_FEDERATION_PROVIDER` (`ID`),
  CONSTRAINT `FK_FEDMAPPERPM_REALM` FOREIGN KEY (`REALM_ID`) REFERENCES `REALM` (`ID`)
) ENGINE=INNODB DEFAULT CHARSET=LATIN1;
/*!40101 SET CHARACTER_SET_CLIENT = @SAVED_CS_CLIENT */;

--
-- DUMPING DATA FOR TABLE `USER_FEDERATION_MAPPER`
--

LOCK TABLES `USER_FEDERATION_MAPPER` WRITE;
/*!40000 ALTER TABLE `USER_FEDERATION_MAPPER` DISABLE KEYS */;
/*!40000 ALTER TABLE `USER_FEDERATION_MAPPER` ENABLE KEYS */;
UNLOCK TABLES;

--
-- TABLE STRUCTURE FOR TABLE `USER_FEDERATION_MAPPER_CONFIG`
--

DROP TABLE IF EXISTS `USER_FEDERATION_MAPPER_CONFIG`;
/*!40101 SET @SAVED_CS_CLIENT     = @@CHARACTER_SET_CLIENT */;
/*!40101 SET CHARACTER_SET_CLIENT = UTF8 */;
CREATE TABLE `USER_FEDERATION_MAPPER_CONFIG` (
  `USER_FEDERATION_MAPPER_ID` VARCHAR(36) NOT NULL,
  `VALUE` VARCHAR(255) DEFAULT NULL,
  `NAME` VARCHAR(255) NOT NULL,
  PRIMARY KEY (`USER_FEDERATION_MAPPER_ID`,`NAME`),
  CONSTRAINT `FK_FEDMAPPER_CFG` FOREIGN KEY (`USER_FEDERATION_MAPPER_ID`) REFERENCES `USER_FEDERATION_MAPPER` (`ID`)
) ENGINE=INNODB DEFAULT CHARSET=LATIN1;
/*!40101 SET CHARACTER_SET_CLIENT = @SAVED_CS_CLIENT */;

--
-- DUMPING DATA FOR TABLE `USER_FEDERATION_MAPPER_CONFIG`
--

LOCK TABLES `USER_FEDERATION_MAPPER_CONFIG` WRITE;
/*!40000 ALTER TABLE `USER_FEDERATION_MAPPER_CONFIG` DISABLE KEYS */;
/*!40000 ALTER TABLE `USER_FEDERATION_MAPPER_CONFIG` ENABLE KEYS */;
UNLOCK TABLES;

--
-- TABLE STRUCTURE FOR TABLE `USER_FEDERATION_PROVIDER`
--

DROP TABLE IF EXISTS `USER_FEDERATION_PROVIDER`;
/*!40101 SET @SAVED_CS_CLIENT     = @@CHARACTER_SET_CLIENT */;
/*!40101 SET CHARACTER_SET_CLIENT = UTF8 */;
CREATE TABLE `USER_FEDERATION_PROVIDER` (
  `ID` VARCHAR(36) NOT NULL,
  `CHANGED_SYNC_PERIOD` INT(11) DEFAULT NULL,
  `DISPLAY_NAME` VARCHAR(255) DEFAULT NULL,
  `FULL_SYNC_PERIOD` INT(11) DEFAULT NULL,
  `LAST_SYNC` INT(11) DEFAULT NULL,
  `PRIORITY` INT(11) DEFAULT NULL,
  `PROVIDER_NAME` VARCHAR(255) DEFAULT NULL,
  `REALM_ID` VARCHAR(36) DEFAULT NULL,
  PRIMARY KEY (`ID`),
  KEY `IDX_USR_FED_PRV_REALM` (`REALM_ID`),
  CONSTRAINT `FK_1FJ32F6PTOLW2QY60CD8N01E8` FOREIGN KEY (`REALM_ID`) REFERENCES `REALM` (`ID`)
) ENGINE=INNODB DEFAULT CHARSET=LATIN1;
/*!40101 SET CHARACTER_SET_CLIENT = @SAVED_CS_CLIENT */;

--
-- DUMPING DATA FOR TABLE `USER_FEDERATION_PROVIDER`
--

LOCK TABLES `USER_FEDERATION_PROVIDER` WRITE;
/*!40000 ALTER TABLE `USER_FEDERATION_PROVIDER` DISABLE KEYS */;
/*!40000 ALTER TABLE `USER_FEDERATION_PROVIDER` ENABLE KEYS */;
UNLOCK TABLES;

--
-- TABLE STRUCTURE FOR TABLE `USER_GROUP_MEMBERSHIP`
--

DROP TABLE IF EXISTS `USER_GROUP_MEMBERSHIP`;
/*!40101 SET @SAVED_CS_CLIENT     = @@CHARACTER_SET_CLIENT */;
/*!40101 SET CHARACTER_SET_CLIENT = UTF8 */;
CREATE TABLE `USER_GROUP_MEMBERSHIP` (
  `GROUP_ID` VARCHAR(36) NOT NULL,
  `USER_ID` VARCHAR(36) NOT NULL,
  PRIMARY KEY (`GROUP_ID`,`USER_ID`),
  KEY `IDX_USER_GROUP_MAPPING` (`USER_ID`),
  CONSTRAINT `FK_USER_GROUP_USER` FOREIGN KEY (`USER_ID`) REFERENCES `USER_ENTITY` (`ID`)
) ENGINE=INNODB DEFAULT CHARSET=LATIN1;
/*!40101 SET CHARACTER_SET_CLIENT = @SAVED_CS_CLIENT */;

--
-- DUMPING DATA FOR TABLE `USER_GROUP_MEMBERSHIP`
--

LOCK TABLES `USER_GROUP_MEMBERSHIP` WRITE;
/*!40000 ALTER TABLE `USER_GROUP_MEMBERSHIP` DISABLE KEYS */;
/*!40000 ALTER TABLE `USER_GROUP_MEMBERSHIP` ENABLE KEYS */;
UNLOCK TABLES;

--
-- TABLE STRUCTURE FOR TABLE `USER_REQUIRED_ACTION`
--

DROP TABLE IF EXISTS `USER_REQUIRED_ACTION`;
/*!40101 SET @SAVED_CS_CLIENT     = @@CHARACTER_SET_CLIENT */;
/*!40101 SET CHARACTER_SET_CLIENT = UTF8 */;
CREATE TABLE `USER_REQUIRED_ACTION` (
  `USER_ID` VARCHAR(36) NOT NULL,
  `REQUIRED_ACTION` VARCHAR(255) NOT NULL DEFAULT ' ',
  PRIMARY KEY (`REQUIRED_ACTION`,`USER_ID`),
  KEY `IDX_USER_REQACTIONS` (`USER_ID`),
  CONSTRAINT `FK_6QJ3W1JW9CVAFHE19BWSIUVMD` FOREIGN KEY (`USER_ID`) REFERENCES `USER_ENTITY` (`ID`)
) ENGINE=INNODB DEFAULT CHARSET=LATIN1;
/*!40101 SET CHARACTER_SET_CLIENT = @SAVED_CS_CLIENT */;

--
-- DUMPING DATA FOR TABLE `USER_REQUIRED_ACTION`
--

LOCK TABLES `USER_REQUIRED_ACTION` WRITE;
/*!40000 ALTER TABLE `USER_REQUIRED_ACTION` DISABLE KEYS */;
/*!40000 ALTER TABLE `USER_REQUIRED_ACTION` ENABLE KEYS */;
UNLOCK TABLES;

--
-- TABLE STRUCTURE FOR TABLE `USER_ROLE_MAPPING`
--

DROP TABLE IF EXISTS `USER_ROLE_MAPPING`;
/*!40101 SET @SAVED_CS_CLIENT     = @@CHARACTER_SET_CLIENT */;
/*!40101 SET CHARACTER_SET_CLIENT = UTF8 */;
CREATE TABLE `USER_ROLE_MAPPING` (
  `ROLE_ID` VARCHAR(255) NOT NULL,
  `USER_ID` VARCHAR(36) NOT NULL,
  PRIMARY KEY (`ROLE_ID`,`USER_ID`),
  KEY `IDX_USER_ROLE_MAPPING` (`USER_ID`),
  CONSTRAINT `FK_C4FQV34P1MBYLLOXANG7B1Q3L` FOREIGN KEY (`USER_ID`) REFERENCES `USER_ENTITY` (`ID`)
) ENGINE=INNODB DEFAULT CHARSET=LATIN1;
/*!40101 SET CHARACTER_SET_CLIENT = @SAVED_CS_CLIENT */;

--
-- DUMPING DATA FOR TABLE `USER_ROLE_MAPPING`
--

LOCK TABLES `USER_ROLE_MAPPING` WRITE;
/*!40000 ALTER TABLE `USER_ROLE_MAPPING` DISABLE KEYS */;
INSERT INTO `USER_ROLE_MAPPING` VALUES ('109FBC3D-1E6C-49F0-9390-98648EF07F77','19DF70F3-2E44-4F39-8529-3E66C0E04E22'),('AD1FD1D6-95BE-46DD-B1FC-3008D9BF60C8','19DF70F3-2E44-4F39-8529-3E66C0E04E22'),('C5BC7EB1-C95B-4F48-B34C-894B57D000EC','19DF70F3-2E44-4F39-8529-3E66C0E04E22'),('CFDAB04A-4B89-47ED-AE7E-727C8E57D6D6','19DF70F3-2E44-4F39-8529-3E66C0E04E22'),('DF4E9F52-FCA1-4628-BBFA-9F2F2E97651A','19DF70F3-2E44-4F39-8529-3E66C0E04E22'),('15370E1E-4726-4B21-9084-72D538CE6320','2AED5D6C-D65A-4FF3-9259-8397B35BF0DA'),('224DC4AE-6FA4-437A-BFB5-7FDBF9801079','2AED5D6C-D65A-4FF3-9259-8397B35BF0DA'),('286AE8D1-07F8-4161-9A68-0564D3D30BB0','2AED5D6C-D65A-4FF3-9259-8397B35BF0DA'),('DA7C4F32-6880-44B9-AB55-B7357A8EF2BC','2AED5D6C-D65A-4FF3-9259-8397B35BF0DA');
/*!40000 ALTER TABLE `USER_ROLE_MAPPING` ENABLE KEYS */;
UNLOCK TABLES;

--
-- TABLE STRUCTURE FOR TABLE `USER_SESSION`
--

DROP TABLE IF EXISTS `USER_SESSION`;
/*!40101 SET @SAVED_CS_CLIENT     = @@CHARACTER_SET_CLIENT */;
/*!40101 SET CHARACTER_SET_CLIENT = UTF8 */;
CREATE TABLE `USER_SESSION` (
  `ID` VARCHAR(36) NOT NULL,
  `AUTH_METHOD` VARCHAR(255) DEFAULT NULL,
  `IP_ADDRESS` VARCHAR(255) DEFAULT NULL,
  `LAST_SESSION_REFRESH` INT(11) DEFAULT NULL,
  `LOGIN_USERNAME` VARCHAR(255) DEFAULT NULL,
  `REALM_ID` VARCHAR(255) DEFAULT NULL,
  `REMEMBER_ME` BIT(1) NOT NULL DEFAULT B'0',
  `STARTED` INT(11) DEFAULT NULL,
  `USER_ID` VARCHAR(255) DEFAULT NULL,
  `USER_SESSION_STATE` INT(11) DEFAULT NULL,
  `BROKER_SESSION_ID` VARCHAR(255) DEFAULT NULL,
  `BROKER_USER_ID` VARCHAR(255) DEFAULT NULL,
  PRIMARY KEY (`ID`)
) ENGINE=INNODB DEFAULT CHARSET=LATIN1;
/*!40101 SET CHARACTER_SET_CLIENT = @SAVED_CS_CLIENT */;

--
-- DUMPING DATA FOR TABLE `USER_SESSION`
--

LOCK TABLES `USER_SESSION` WRITE;
/*!40000 ALTER TABLE `USER_SESSION` DISABLE KEYS */;
/*!40000 ALTER TABLE `USER_SESSION` ENABLE KEYS */;
UNLOCK TABLES;

--
-- TABLE STRUCTURE FOR TABLE `USER_SESSION_NOTE`
--

DROP TABLE IF EXISTS `USER_SESSION_NOTE`;
/*!40101 SET @SAVED_CS_CLIENT     = @@CHARACTER_SET_CLIENT */;
/*!40101 SET CHARACTER_SET_CLIENT = UTF8 */;
CREATE TABLE `USER_SESSION_NOTE` (
  `USER_SESSION` VARCHAR(36) NOT NULL,
  `NAME` VARCHAR(255) NOT NULL,
  `VALUE` VARCHAR(2048) DEFAULT NULL,
  PRIMARY KEY (`USER_SESSION`,`NAME`),
  CONSTRAINT `FK5EDFB00FF51D3472` FOREIGN KEY (`USER_SESSION`) REFERENCES `USER_SESSION` (`ID`)
) ENGINE=INNODB DEFAULT CHARSET=LATIN1;
/*!40101 SET CHARACTER_SET_CLIENT = @SAVED_CS_CLIENT */;

--
-- DUMPING DATA FOR TABLE `USER_SESSION_NOTE`
--

LOCK TABLES `USER_SESSION_NOTE` WRITE;
/*!40000 ALTER TABLE `USER_SESSION_NOTE` DISABLE KEYS */;
/*!40000 ALTER TABLE `USER_SESSION_NOTE` ENABLE KEYS */;
UNLOCK TABLES;

--
-- TABLE STRUCTURE FOR TABLE `USERNAME_LOGIN_FAILURE`
--

DROP TABLE IF EXISTS `USERNAME_LOGIN_FAILURE`;
/*!40101 SET @SAVED_CS_CLIENT     = @@CHARACTER_SET_CLIENT */;
/*!40101 SET CHARACTER_SET_CLIENT = UTF8 */;
CREATE TABLE `USERNAME_LOGIN_FAILURE` (
  `REALM_ID` VARCHAR(36) NOT NULL,
  `USERNAME` VARCHAR(255) CHARACTER SET UTF8 NOT NULL,
  `FAILED_LOGIN_NOT_BEFORE` INT(11) DEFAULT NULL,
  `LAST_FAILURE` BIGINT(20) DEFAULT NULL,
  `LAST_IP_FAILURE` VARCHAR(255) DEFAULT NULL,
  `NUM_FAILURES` INT(11) DEFAULT NULL,
  PRIMARY KEY (`REALM_ID`,`USERNAME`)
) ENGINE=INNODB DEFAULT CHARSET=LATIN1;
/*!40101 SET CHARACTER_SET_CLIENT = @SAVED_CS_CLIENT */;

--
-- DUMPING DATA FOR TABLE `USERNAME_LOGIN_FAILURE`
--

LOCK TABLES `USERNAME_LOGIN_FAILURE` WRITE;
/*!40000 ALTER TABLE `USERNAME_LOGIN_FAILURE` DISABLE KEYS */;
/*!40000 ALTER TABLE `USERNAME_LOGIN_FAILURE` ENABLE KEYS */;
UNLOCK TABLES;

--
-- TABLE STRUCTURE FOR TABLE `WEB_ORIGINS`
--

DROP TABLE IF EXISTS `WEB_ORIGINS`;
/*!40101 SET @SAVED_CS_CLIENT     = @@CHARACTER_SET_CLIENT */;
/*!40101 SET CHARACTER_SET_CLIENT = UTF8 */;
CREATE TABLE `WEB_ORIGINS` (
  `CLIENT_ID` VARCHAR(36) NOT NULL,
  `VALUE` VARCHAR(255) NOT NULL,
  PRIMARY KEY (`CLIENT_ID`,`VALUE`),
  KEY `IDX_WEB_ORIG_CLIENT` (`CLIENT_ID`),
  CONSTRAINT `FK_LOJPHO213XCX4WNKOG82SSRFY` FOREIGN KEY (`CLIENT_ID`) REFERENCES `CLIENT` (`ID`)
) ENGINE=INNODB DEFAULT CHARSET=LATIN1;
/*!40101 SET CHARACTER_SET_CLIENT = @SAVED_CS_CLIENT */;

--
-- DUMPING DATA FOR TABLE `WEB_ORIGINS`
--

LOCK TABLES `WEB_ORIGINS` WRITE;
/*!40000 ALTER TABLE `WEB_ORIGINS` DISABLE KEYS */;
/*!40000 ALTER TABLE `WEB_ORIGINS` ENABLE KEYS */;
UNLOCK TABLES;
/*!40103 SET TIME_ZONE=@OLD_TIME_ZONE */;

/*!40101 SET SQL_MODE=@OLD_SQL_MODE */;
/*!40014 SET FOREIGN_KEY_CHECKS=@OLD_FOREIGN_KEY_CHECKS */;
/*!40014 SET UNIQUE_CHECKS=@OLD_UNIQUE_CHECKS */;
/*!40101 SET CHARACTER_SET_CLIENT=@OLD_CHARACTER_SET_CLIENT */;
/*!40101 SET CHARACTER_SET_RESULTS=@OLD_CHARACTER_SET_RESULTS */;
/*!40101 SET COLLATION_CONNECTION=@OLD_COLLATION_CONNECTION */;
/*!40111 SET SQL_NOTES=@OLD_SQL_NOTES */;

-- DUMP COMPLETED ON 2018-04-05 13:35:46
